row_type,model,arm,feature,metric,first_window,n_runs,alternative,n_authors,estimate,ci_low,ci_high,wilcoxon_p,window_index
delta,flash,old,f1,target_kl,1,400,greater,20,0.052712376492919134,0.026631082660310935,0.0795862774963842,0.00035381317138671875,
delta,flash,old,f1,target_margin,1,400,less,20,-0.04486250320138519,-0.06710435666715153,-0.02597620401979018,0.00013065338134765625,
delta,flash,old,f1,target_rank,1,400,greater,20,1.7349999999999999,0.6674375000000001,2.9725624999999996,0.004216183024291583,
delta,flash,old,f1,target_hit,1,400,less,20,-0.032499999999999994,-0.07006249999999992,0.0,0.05989746521295913,
delta,flash,old,f3,target_kl,1,400,greater,20,0.09163413043190578,0.04401113550129038,0.14256737349693735,0.0007162094116210938,
delta,flash,old,f3,target_margin,1,400,less,20,-0.08079004677617636,-0.12761412755698634,-0.04010793866512372,0.00019741058349609375,
delta,flash,old,f3,target_rank,1,400,greater,20,1.3875,0.28487500000000027,2.5325624999999996,0.015175339635253186,
delta,flash,old,f3,target_hit,1,400,less,20,-0.045,-0.10506249999999989,0.007562499999999661,0.10365863000049708,
delta,flash,c2,f1,target_kl,1,400,greater,20,0.025956875844162498,0.014470656680788946,0.03793656887610463,0.00013065338134765625,
delta,flash,c2,f1,target_margin,1,400,less,20,-0.012539341385476691,-0.021296395480865385,-0.004438912846666951,0.004154205322265625,
delta,flash,c2,f1,target_rank,1,400,greater,20,0.6799999999999999,-0.07506249999999977,1.3225624999999999,0.007656097412109375,
delta,flash,c2,f1,target_hit,1,400,less,20,-0.04,-0.10250000000000001,0.017499999999999998,0.15264890397601788,
delta,flash,c2,f3,target_kl,1,400,greater,20,0.03785148882706287,0.01875039023145311,0.0574298493411903,0.00024127960205078125,
delta,flash,c2,f3,target_margin,1,400,less,20,-0.020747167037069542,-0.03713776038937283,-0.0028408940063263085,0.007656097412109375,
delta,flash,c2,f3,target_rank,1,400,greater,20,0.8525,-0.03256249999999977,1.6901874999999988,0.0068583076027956685,
delta,flash,c2,f3,target_hit,1,400,less,20,-0.032499999999999994,-0.09749999999999999,0.025,0.19953759827411854,
delta,flash,c1_pooled,f1,target_kl,1,400,greater,20,0.052712376492919134,0.026495184998982624,0.08076916687712611,0.00035381317138671875,
delta,flash,c1_pooled,f1,target_margin,1,400,less,20,-0.04486250320138519,-0.06593580412166494,-0.024331036238901704,0.00013065338134765625,
delta,flash,c1_pooled,f1,target_rank,1,400,greater,20,1.7349999999999999,0.6573750000000002,2.927687499999999,0.004216183024291583,
delta,flash,c1_pooled,f1,target_hit,1,400,less,20,-0.032499999999999994,-0.07250000000000001,0.0024999999999999996,0.05989746521295913,
delta,flash,c1_pooled,f3,target_kl,1,400,greater,20,0.09163413043190578,0.04309319498125503,0.1413734728530847,0.0007162094116210938,
delta,flash,c1_pooled,f3,target_margin,1,400,less,20,-0.08079004677617636,-0.12660266637035966,-0.04076853593600707,0.00019741058349609375,
delta,flash,c1_pooled,f3,target_rank,1,400,greater,20,1.3875,0.37493750000000003,2.583499999999995,0.015175339635253186,
delta,flash,c1_pooled,f3,target_hit,1,400,less,20,-0.045,-0.10250000000000001,0.010000000000000002,0.10365863000049708,
delta,pro,old,f1,target_kl,1,200,greater,20,0.08240433639033802,0.061001553278589804,0.10199608673293009,4.76837158203125e-06,
delta,pro,old,f1,target_margin,1,200,less,20,-0.04668344676401378,-0.06625924155951673,-0.02496154550804861,0.00024127960205078125,
delta,pro,old,f1,target_rank,1,200,greater,20,2.165,0.5098750000000001,3.7050000000000005,0.002695110237495812,
delta,pro,old,f1,target_hit,1,200,less,20,-0.03499999999999999,-0.1401249999999998,0.05512499999999933,0.26354462843276905,
delta,pro,old,f3,target_kl,1,200,greater,20,0.16811810631657453,0.12629769269567076,0.20951615422401199,1.9073486328125e-06,
delta,pro,old,f3,target_margin,1,200,less,20,-0.1163018373422026,-0.15928117383530607,-0.07284284126012727,5.245208740234375e-05,
delta,pro,old,f3,target_rank,1,200,greater,20,2.4200000000000004,0.76,3.9353749999999974,0.003207683341250075,
delta,pro,old,f3,target_hit,1,200,less,20,-0.07500000000000001,-0.18000000000000002,0.0049999999999999975,0.06341282918854552,
delta,pro,c2,f1,target_kl,1,200,greater,20,0.0103053677150624,0.0008537451870144974,0.0181556994502096,0.006808280944824219,
delta,pro,c2,f1,target_margin,1,200,less,20,-0.011101296997767886,-0.019741739996587893,-0.0005620128230926827,0.001827239990234375,
delta,pro,c2,f1,target_rank,1,200,greater,20,0.8,-0.024999999999999967,1.595,0.015874201599734346,
delta,pro,c2,f1,target_hit,1,200,less,20,-0.075,-0.14500000000000002,-0.015000000000000003,0.016170007243128042,
delta,pro,c2,f3,target_kl,1,200,greater,20,0.009796463872760838,-0.006916801953815164,0.0239722323427405,0.02422046661376953,
delta,pro,c2,f3,target_margin,1,200,less,20,-0.01799543248640838,-0.03465077912414071,0.003629097330276413,0.0015764236450195312,
delta,pro,c2,f3,target_rank,1,200,greater,20,0.7899999999999999,-0.19000000000000003,1.7049999999999996,0.022495279754906925,
delta,pro,c2,f3,target_hit,1,200,less,20,-0.06000000000000001,-0.14999999999999997,0.015000000000000003,0.11045435918220253,
delta,pro,c1_pooled,f1,target_kl,1,200,greater,20,0.08240433639033802,0.061228481037815335,0.10282749734921365,4.76837158203125e-06,
delta,pro,c1_pooled,f1,target_margin,1,200,less,20,-0.04668344676401378,-0.0659654363167026,-0.02491211802866753,0.00024127960205078125,
delta,pro,c1_pooled,f1,target_rank,1,200,greater,20,2.165,0.5848750000000001,3.6300000000000003,0.002695110237495812,
delta,pro,c1_pooled,f1,target_hit,1,200,less,20,-0.03499999999999999,-0.135,0.06,0.26354462843276905,
delta,pro,c1_pooled,f3,target_kl,1,200,greater,20,0.16811810631657453,0.1249445191316316,0.21291510688403575,1.9073486328125e-06,
delta,pro,c1_pooled,f3,target_margin,1,200,less,20,-0.1163018373422026,-0.15937257796418974,-0.0730228804370482,5.245208740234375e-05,
delta,pro,c1_pooled,f3,target_rank,1,200,greater,20,2.4200000000000004,0.7896250000000007,3.995249999999998,0.003207683341250075,
delta,pro,c1_pooled,f3,target_hit,1,200,less,20,-0.07500000000000001,-0.18,0.004999999999999999,0.06341282918854552,
delta,human,human_start,f1,target_kl,1,55,two-sided,19,0.003683404922531276,-0.007370462306702075,0.016070078550331296,0.9529838562011719,
delta,human,human_start,f1,target_margin,1,55,two-sided,19,-0.004119269841411775,-0.01896719957230146,0.009375718261260891,0.7380905151367188,
delta,human,human_start,f1,target_rank,1,55,two-sided,19,0.21052631578947373,-0.47368421052631576,0.8947368421052632,0.4409188021019047,
delta,human,human_start,f1,target_hit,1,55,two-sided,19,0.017543859649122803,-0.15789473684210528,0.19298245614035084,0.7124222498786669,
delta,human,human_start,f3,target_kl,1,55,two-sided,19,0.011794209966340891,-0.010972392049458492,0.03840072185455505,0.5677604675292969,
delta,human,human_start,f3,target_margin,1,55,two-sided,19,-0.010913948967024698,-0.036466573045036504,0.011665272866508532,0.8287849426269531,
delta,human,human_start,f3,target_rank,1,55,two-sided,19,0.08771929824561399,-0.5442982456140344,0.6842105263157894,0.7528154986303973,
delta,human,human_start,f3,target_hit,1,55,two-sided,19,-0.017543859649122806,-0.15789473684210523,0.12280701754385963,0.8127423725657857,
delta,human,human_interior,f1,target_kl,1,52,two-sided,19,0.01489581267741732,-0.0015112729625793736,0.03866592673503593,0.3320655822753906,
delta,human,human_interior,f1,target_margin,1,52,two-sided,19,-0.004107682211267919,-0.019566826998031205,0.008793809526587003,0.76800537109375,
delta,human,human_interior,f1,target_rank,1,52,two-sided,19,-0.2807017543859649,-0.982456140350877,0.38618421052631463,0.568889810834584,
delta,human,human_interior,f1,target_hit,1,52,two-sided,19,0.017543859649122806,-0.10526315789473684,0.14035087719298245,0.5889603527025324,
delta,human,human_interior,f3,target_kl,1,52,two-sided,19,0.02936612765668085,-0.002592056537918251,0.07546212014438024,0.312408447265625,
delta,human,human_interior,f3,target_margin,1,52,two-sided,19,-0.0014487035942795361,-0.01964470095056212,0.019431610895308916,0.7982521057128906,
delta,human,human_interior,f3,target_rank,1,52,two-sided,19,-0.11403508771929828,-0.7456140350877192,0.5263157894736842,0.8010110482671782,
delta,human,human_interior,f3,target_hit,1,52,two-sided,19,-0.043859649122807015,-0.15789473684210525,0.07894736842105261,0.5929800980174267,
position,flash,c1_pooled,f1,target_hit,,400,,20,0.1075,0.04,0.18249999999999997,,1
position,flash,c1_pooled,f1,target_kl,,400,,20,0.11401610537952742,0.09897688566531358,0.1294340210581884,,1
position,flash,c1_pooled,f1,target_margin,,400,,20,-0.06553912187669544,-0.08406535874058818,-0.04794407528111606,,1
position,flash,c1_pooled,f1,target_rank,,400,,20,8.454999999999998,6.584750000000001,10.432500000000001,,1
position,flash,c1_pooled,f1,target_hit,,400,,20,0.0775,0.024999999999999998,0.1425,,2
position,flash,c1_pooled,f1,target_kl,,400,,20,0.14734021525364793,0.12250066271583918,0.17689351940887424,,2
position,flash,c1_pooled,f1,target_margin,,400,,20,-0.09497837707464221,-0.12351379036454867,-0.0678149922053887,,2
position,flash,c1_pooled,f1,target_rank,,400,,20,9.559999999999999,7.317375,11.788249999999996,,2
position,flash,c1_pooled,f1,target_hit,,400,,20,0.08249999999999999,0.025,0.14750000000000002,,3
position,flash,c1_pooled,f1,target_kl,,400,,20,0.15859314791016724,0.13022418156515325,0.1929019171975463,,3
position,flash,c1_pooled,f1,target_margin,,400,,20,-0.10430454099079997,-0.139733626892108,-0.07354556121598227,,3
position,flash,c1_pooled,f1,target_rank,,400,,20,9.875,7.644562500000001,12.092562500000001,,3
position,flash,c1_pooled,f1,target_hit,,400,,20,0.08249999999999999,0.0225,0.15,,4
position,flash,c1_pooled,f1,target_kl,,400,,20,0.1560377766516639,0.1301875267813182,0.1870794457025652,,4
position,flash,c1_pooled,f1,target_margin,,400,,20,-0.10322124393134693,-0.13699469487838167,-0.0728532146088226,,4
position,flash,c1_pooled,f1,target_rank,,400,,20,9.8975,7.6024375000000015,12.139999999999997,,4
position,flash,c1_pooled,f1,target_hit,,400,,20,0.075,0.025,0.13999999999999996,,5
position,flash,c1_pooled,f1,target_kl,,400,,20,0.16672848187244654,0.13601761897126613,0.20382631493983966,,5
position,flash,c1_pooled,f1,target_margin,,400,,20,-0.11040162507808063,-0.1449901816898092,-0.07859933234209215,,5
position,flash,c1_pooled,f1,target_rank,,400,,20,10.190000000000001,7.927250000000001,12.492625,,5
position,flash,c1_pooled,f3,target_hit,,400,,20,0.12500000000000003,0.052500000000000005,0.21000000000000002,,1
position,flash,c1_pooled,f3,target_kl,,400,,20,0.23333572388864607,0.20472834324632935,0.26348236622755666,,1
position,flash,c1_pooled,f3,target_margin,,400,,20,-0.12025583541311424,-0.15644837433979983,-0.08412916370117883,,1
position,flash,c1_pooled,f3,target_rank,,400,,20,8.7775,6.939937499999999,10.770249999999999,,1
position,flash,c1_pooled,f3,target_hit,,400,,20,0.0925,0.0325,0.1675624999999997,,2
position,flash,c1_pooled,f3,target_kl,,400,,20,0.2879056824376499,0.23522368346888037,0.34681320233528373,,2
position,flash,c1_pooled,f3,target_margin,,400,,20,-0.17232305877909343,-0.23784339351423459,-0.1184057774187923,,2
position,flash,c1_pooled,f3,target_rank,,400,,20,9.71,7.454812500000001,12.050062500000001,,2
position,flash,c1_pooled,f3,target_hit,,400,,20,0.0975,0.027500000000000004,0.1775,,3
position,flash,c1_pooled,f3,target_kl,,400,,20,0.31172984332813397,0.2539903604334605,0.37871782212230404,,3
position,flash,c1_pooled,f3,target_margin,,400,,20,-0.19161871586909637,-0.26340025069227563,-0.1291671268270692,,3
position,flash,c1_pooled,f3,target_rank,,400,,20,10.0075,7.869812499999999,12.4076875,,3
position,flash,c1_pooled,f3,target_hit,,400,,20,0.09,0.032499999999999994,0.1675,,4
position,flash,c1_pooled,f3,target_kl,,400,,20,0.3086492240075258,0.25132982470472864,0.3728135316000534,,4
position,flash,c1_pooled,f3,target_margin,,400,,20,-0.18981193968429114,-0.26301254400818114,-0.12748375594095948,,4
position,flash,c1_pooled,f3,target_rank,,400,,20,9.957500000000001,7.785000000000001,12.3025625,,4
position,flash,c1_pooled,f3,target_hit,,400,,20,0.08,0.03493750000000011,0.1375,,5
position,flash,c1_pooled,f3,target_kl,,400,,20,0.3249698543205519,0.26374970564180805,0.3954226525454136,,5
position,flash,c1_pooled,f3,target_margin,,400,,20,-0.20104588218929056,-0.28056059457621024,-0.13445231634096186,,5
position,flash,c1_pooled,f3,target_rank,,400,,20,10.165000000000001,8.059999999999999,12.4600625,,5
position,flash,c2,f1,target_hit,,400,,20,0.1275,0.042499999999999996,0.225,,1
position,flash,c2,f1,target_kl,,400,,20,0.1309777081019342,0.10962582900982529,0.1527745273405462,,1
position,flash,c2,f1,target_margin,,400,,20,-0.06380895805433458,-0.08565858203791323,-0.04303805237841891,,1
position,flash,c2,f1,target_rank,,400,,20,8.1675,6.272374999999999,10.145,,1
position,flash,c2,f1,target_hit,,400,,20,0.08499999999999999,0.03,0.15256249999999968,,2
position,flash,c2,f1,target_kl,,400,,20,0.16010671786069886,0.13731721703745417,0.18424137966000498,,2
position,flash,c2,f1,target_margin,,400,,20,-0.07792498616165222,-0.10353583735458001,-0.05492041503585189,,2
position,flash,c2,f1,target_rank,,400,,20,9.05,6.997375000000001,11.2201875,,2
position,flash,c2,f1,target_hit,,400,,20,0.0925,0.032499999999999994,0.16999999999999998,,3
position,flash,c2,f1,target_kl,,400,,20,0.1554730819566276,0.13288093476345128,0.18205421490300705,,3
position,flash,c2,f1,target_margin,,400,,20,-0.075587456144289,-0.10191488723062946,-0.05233313039735691,,3
position,flash,c2,f1,target_rank,,400,,20,8.822499999999998,6.831875000000002,11.0200625,,3
position,flash,c2,f1,target_hit,,400,,20,0.095,0.034999999999999996,0.16749999999999998,,4
position,flash,c2,f1,target_kl,,400,,20,0.15168778570469427,0.12985654050359519,0.17599146097603824,,4
position,flash,c2,f1,target_margin,,400,,20,-0.0767812896252094,-0.10009546441260314,-0.05383435890956966,,4
position,flash,c2,f1,target_rank,,400,,20,8.95,6.952500000000001,11.060249999999998,,4
position,flash,c2,f1,target_hit,,400,,20,0.0875,0.032437500000000105,0.15499999999999997,,5
position,flash,c2,f1,target_kl,,400,,20,0.15693458394609672,0.1345691201314947,0.18500342048251603,,5
position,flash,c2,f1,target_margin,,400,,20,-0.07634829943981125,-0.1017262258293494,-0.05360996467109214,,5
position,flash,c2,f1,target_rank,,400,,20,8.8475,6.8,11.107687499999997,,5
position,flash,c2,f3,target_hit,,400,,20,0.13000000000000003,0.045,0.2375,,1
position,flash,c2,f3,target_kl,,400,,20,0.2623718825772696,0.2241323073317179,0.30042112861257964,,1
position,flash,c2,f3,target_margin,,400,,20,-0.12097337564638647,-0.1627194819136699,-0.08102961520819497,,1
position,flash,c2,f3,target_rank,,400,,20,8.235,6.392375,10.187750000000001,,1
position,flash,c2,f3,target_hit,,400,,20,0.0975,0.030000000000000006,0.185,,2
position,flash,c2,f3,target_kl,,400,,20,0.30671060933792477,0.2636660917587785,0.3524301591576103,,2
position,flash,c2,f3,target_margin,,400,,20,-0.14748889005654056,-0.20211323949413806,-0.09929521042314209,,2
position,flash,c2,f3,target_rank,,400,,20,9.135000000000002,7.0574375,11.170374999999996,,2
position,flash,c2,f3,target_hit,,400,,20,0.10500000000000001,0.030000000000000006,0.19749999999999995,,3
position,flash,c2,f3,target_kl,,400,,20,0.2952084617922072,0.25642699859070256,0.3380737748420502,,3
position,flash,c2,f3,target_margin,,400,,20,-0.13921564776419112,-0.1899168345698412,-0.09047359658785557,,3
position,flash,c2,f3,target_rank,,400,,20,8.827499999999997,6.496937500000001,11.057812499999995,,3
position,flash,c2,f3,target_hit,,400,,20,0.1,0.027500000000000004,0.19506249999999967,,4
position,flash,c2,f3,target_kl,,400,,20,0.2913502578416767,0.25171333108537924,0.33805193642931647,,4
position,flash,c2,f3,target_margin,,400,,20,-0.1412684395658173,-0.19003365487028626,-0.09693918999192126,,4
position,flash,c2,f3,target_rank,,400,,20,9.102500000000001,7.0065,11.247687499999998,,4
position,flash,c2,f3,target_hit,,400,,20,0.0975,0.027500000000000004,0.1925,,5
position,flash,c2,f3,target_kl,,400,,20,0.3002233714043325,0.25824291564858465,0.3484146622447659,,5
position,flash,c2,f3,target_margin,,400,,20,-0.141720542683456,-0.19284887355904315,-0.09797545790787104,,5
position,flash,c2,f3,target_rank,,400,,20,9.0875,7.002125,11.2251875,,5
position,flash,old,f1,target_hit,,400,,20,0.1075,0.045,0.1825,,1
position,flash,old,f1,target_kl,,400,,20,0.11401610537952742,0.0986089583839699,0.1307157224302191,,1
position,flash,old,f1,target_margin,,400,,20,-0.06553912187669544,-0.08439251621912426,-0.04794346396553083,,1
position,flash,old,f1,target_rank,,400,,20,8.454999999999998,6.599937499999999,10.385,,1
position,flash,old,f1,target_hit,,400,,20,0.0775,0.0225,0.1375,,2
position,flash,old,f1,target_kl,,400,,20,0.14734021525364793,0.12315660475735273,0.17519730969849953,,2
position,flash,old,f1,target_margin,,400,,20,-0.09497837707464221,-0.12427814308709516,-0.06900836166830877,,2
position,flash,old,f1,target_rank,,400,,20,9.559999999999999,7.319624999999999,11.835062500000001,,2
position,flash,old,f1,target_hit,,400,,20,0.08249999999999999,0.03,0.14756249999999968,,3
position,flash,old,f1,target_kl,,400,,20,0.15859314791016724,0.13021379269345085,0.1921511799636076,,3
position,flash,old,f1,target_margin,,400,,20,-0.10430454099079997,-0.13881453685910278,-0.07367653333121565,,3
position,flash,old,f1,target_rank,,400,,20,9.875,7.699812500000001,12.2625625,,3
position,flash,old,f1,target_hit,,400,,20,0.08249999999999999,0.024999999999999998,0.1575624999999997,,4
position,flash,old,f1,target_kl,,400,,20,0.1560377766516639,0.12960966314147743,0.18537074424720648,,4
position,flash,old,f1,target_margin,,400,,20,-0.10322124393134693,-0.13472796118789343,-0.07379439695239018,,4
position,flash,old,f1,target_rank,,400,,20,9.8975,7.7475000000000005,12.225624999999994,,4
position,flash,old,f1,target_hit,,400,,20,0.075,0.0225,0.135,,5
position,flash,old,f1,target_kl,,400,,20,0.16672848187244654,0.13503036640103006,0.20341006827893704,,5
position,flash,old,f1,target_margin,,400,,20,-0.11040162507808063,-0.146231101422199,-0.07820461403475529,,5
position,flash,old,f1,target_rank,,400,,20,10.190000000000001,8.0674375,12.2425625,,5
position,flash,old,f3,target_hit,,400,,20,0.12500000000000003,0.0524375000000001,0.21000000000000002,,1
position,flash,old,f3,target_kl,,400,,20,0.23333572388864607,0.20435811383877697,0.2652267916194468,,1
position,flash,old,f3,target_margin,,400,,20,-0.12025583541311424,-0.15791952516210134,-0.08373735468744835,,1
position,flash,old,f3,target_rank,,400,,20,8.7775,6.787437499999999,10.7926875,,1
position,flash,old,f3,target_hit,,400,,20,0.0925,0.034999999999999996,0.16756249999999967,,2
position,flash,old,f3,target_kl,,400,,20,0.2879056824376499,0.23699114482677097,0.3477545601425227,,2
position,flash,old,f3,target_margin,,400,,20,-0.17232305877909343,-0.2390034637006207,-0.11787554084113239,,2
position,flash,old,f3,target_rank,,400,,20,9.71,7.4074375,12.0576875,,2
position,flash,old,f3,target_hit,,400,,20,0.0975,0.03,0.185,,3
position,flash,old,f3,target_kl,,400,,20,0.31172984332813397,0.25445623270758744,0.3775384371430063,,3
position,flash,old,f3,target_margin,,400,,20,-0.19161871586909637,-0.25799541392589526,-0.13009884537841476,,3
position,flash,old,f3,target_rank,,400,,20,10.0075,7.822000000000001,12.323312499999997,,3
position,flash,old,f3,target_hit,,400,,20,0.09,0.032499999999999994,0.16249999999999998,,4
position,flash,old,f3,target_kl,,400,,20,0.3086492240075258,0.25143022465906495,0.3735529312089913,,4
position,flash,old,f3,target_margin,,400,,20,-0.18981193968429114,-0.26307601065187997,-0.12575501088684773,,4
position,flash,old,f3,target_rank,,400,,20,9.957500000000001,7.8370000000000015,12.302499999999998,,4
position,flash,old,f3,target_hit,,400,,20,0.08,0.03493750000000011,0.13499999999999998,,5
position,flash,old,f3,target_kl,,400,,20,0.3249698543205519,0.26435603673870234,0.3989731105205967,,5
position,flash,old,f3,target_margin,,400,,20,-0.20104588218929056,-0.27380750352635486,-0.13451300559811233,,5
position,flash,old,f3,target_rank,,400,,20,10.165000000000001,8.174812500000002,12.422749999999999,,5
position,human,human_interior,f1,target_hit,,52,,19,0.5087719298245613,0.3508771929824561,0.6491228070175438,,1
position,human,human_interior,f1,target_kl,,52,,19,0.039391570642953205,0.02424606400288536,0.05914133789697251,,1
position,human,human_interior,f1,target_margin,,52,,19,-0.013206993681865264,-0.03384127827515357,0.002190661227957151,,1
position,human,human_interior,f1,target_rank,,52,,19,3.6140350877192984,2.21030701754386,5.412280701754386,,1
position,human,human_interior,f1,target_hit,,52,,19,0.5175438596491229,0.3508771929824561,0.6932017543859637,,2
position,human,human_interior,f1,target_kl,,52,,19,0.04081472016095743,0.023087600637663838,0.06481422184091358,,2
position,human,human_interior,f1,target_margin,,52,,19,-0.009900785402567842,-0.036390042766619037,0.009752131906820272,,2
position,human,human_interior,f1,target_rank,,52,,19,3.4912280701754383,1.946929824561404,5.4916666666666645,,2
position,human,human_interior,f1,target_hit,,52,,19,0.6578947368421052,0.47368421052631576,0.8245614035087719,,3
position,human,human_interior,f1,target_kl,,52,,19,0.03443153489057936,0.020297585929753274,0.053749442678736215,,3
position,human,human_interior,f1,target_margin,,52,,19,-0.004649487681225419,-0.023539915539052096,0.010034786231381057,,3
position,human,human_interior,f1,target_rank,,52,,19,2.456140350877193,1.4561403508771928,3.8421052631578947,,3
position,human,human_interior,f1,target_hit,,52,,19,0.5175438596491228,0.3771929824561403,0.6578947368421052,,4
position,human,human_interior,f1,target_kl,,52,,19,0.03089091401832037,0.021638967123326205,0.0419543692354044,,4
position,human,human_interior,f1,target_margin,,52,,19,-0.0012420891850065353,-0.009988244025968837,0.006526439913717647,,4
position,human,human_interior,f1,target_rank,,52,,19,2.3947368421052633,1.815570175438597,3.1140350877192984,,4
position,human,human_interior,f1,target_hit,,52,,19,0.5263157894736841,0.3684210526315789,0.6666666666666666,,5
position,human,human_interior,f1,target_kl,,52,,19,0.05428738332037053,0.028614895950370922,0.08545165871139265,,5
position,human,human_interior,f1,target_margin,,52,,19,-0.01731467589313318,-0.04194338843020238,0.0021287608635817737,,5
position,human,human_interior,f1,target_rank,,52,,19,3.3333333333333335,1.9995614035087728,5.158333333333331,,5
position,human,human_interior,f3,target_hit,,52,,19,0.6403508771929823,0.4912280701754385,0.7721491228070163,,1
position,human,human_interior,f3,target_kl,,52,,19,0.09460748034037725,0.06252887127618752,0.13336140538018568,,1
position,human,human_interior,f3,target_margin,,52,,19,-0.008681363507164766,-0.04628695635719892,0.021424552326992072,,1
position,human,human_interior,f3,target_rank,,52,,19,2.885964912280702,1.6666666666666665,4.473903508771929,,1
position,human,human_interior,f3,target_hit,,52,,19,0.6578947368421053,0.5175438596491229,0.7894736842105262,,2
position,human,human_interior,f3,target_kl,,52,,19,0.09115131316661836,0.05963055174619377,0.13601413822884661,,2
position,human,human_interior,f3,target_margin,,52,,19,0.0003431239249747408,-0.0423573879130773,0.032210605896375116,,2
position,human,human_interior,f3,target_rank,,52,,19,2.9298245614035086,1.4210526315789473,5.017982456140348,,2
position,human,human_interior,f3,target_hit,,52,,19,0.6140350877192983,0.4385964912280701,0.7807017543859649,,3
position,human,human_interior,f3,target_kl,,52,,19,0.08587300388358181,0.057983143346800124,0.12048286197151552,,3
position,human,human_interior,f3,target_margin,,52,,19,0.0026705328543272845,-0.03162477097510975,0.02606067801146704,,3
position,human,human_interior,f3,target_rank,,52,,19,2.3508771929824563,1.456140350877193,3.6754385964912277,,3
position,human,human_interior,f3,target_hit,,52,,19,0.6052631578947368,0.48245614035087714,0.7368421052631579,,4
position,human,human_interior,f3,target_kl,,52,,19,0.08281687439727785,0.06399399141348718,0.10440166092249151,,4
position,human,human_interior,f3,target_margin,,52,,19,0.01020178525461509,-0.01201441967067056,0.029183895924361446,,4
position,human,human_interior,f3,target_rank,,52,,19,2.1052631578947367,1.5964912280701755,2.7017543859649122,,4
position,human,human_interior,f3,target_hit,,52,,19,0.5964912280701754,0.45570175438596566,0.7368421052631579,,5
position,human,human_interior,f3,target_kl,,52,,19,0.12397360799705809,0.07407405457826502,0.1881936021504749,,5
position,human,human_interior,f3,target_margin,,52,,19,-0.010130067101444299,-0.046145480614988736,0.018421526154385214,,5
position,human,human_interior,f3,target_rank,,52,,19,2.7719298245614032,1.6140350877192984,4.403947368421051,,5
position,human,human_start,f1,target_hit,,55,,19,0.5263157894736842,0.3859649122807017,0.6666666666666666,,1
position,human,human_start,f1,target_kl,,55,,19,0.046282138751414265,0.03105333387110928,0.06412684783410909,,1
position,human,human_start,f1,target_margin,,55,,19,-0.011892094018515393,-0.030474832417341235,0.0030106664103326307,,1
position,human,human_start,f1,target_rank,,55,,19,3.333333333333333,1.9649122807017545,5.10548245614035,,1
position,human,human_start,f1,target_hit,,55,,19,0.6491228070175439,0.47368421052631576,0.8070175438596491,,2
position,human,human_start,f1,target_kl,,55,,19,0.033758242477654535,0.022276190716693896,0.04822797914392141,,2
position,human,human_start,f1,target_margin,,55,,19,-0.004099012429936491,-0.019826060911920334,0.008680268196279805,,2
position,human,human_start,f1,target_rank,,55,,19,2.7280701754385968,1.6491228070175439,4.132456140350873,,2
position,human,human_start,f1,target_hit,,55,,19,0.5263157894736841,0.3508771929824562,0.6842105263157894,,3
position,human,human_start,f1,target_kl,,55,,19,0.04750900512515608,0.028605047575267193,0.07368498252900667,,3
position,human,human_start,f1,target_margin,,55,,19,-0.019094736154036326,-0.044755005693725966,0.00024058009118306607,,3
position,human,human_start,f1,target_rank,,55,,19,3.4561403508771926,2.0526315789473686,5.316228070175436,,3
position,human,human_start,f1,target_hit,,55,,19,0.47368421052631576,0.31578947368421045,0.631578947368421,,4
position,human,human_start,f1,target_kl,,55,,19,0.03992825015649768,0.02403846562206868,0.06093818683809194,,4
position,human,human_start,f1,target_margin,,55,,19,-0.013057001788390463,-0.033994903904794586,0.004459995404400164,,4
position,human,human_start,f1,target_rank,,55,,19,3.2105263157894735,1.9995614035087723,4.807017543859649,,4
position,human,human_start,f1,target_hit,,55,,19,0.5438596491228069,0.38596491228070173,0.7017543859649122,,5
position,human,human_start,f1,target_kl,,55,,19,0.04996554367394554,0.02806312286316547,0.07633812628649884,,5
position,human,human_start,f1,target_margin,,55,,19,-0.016011363859927172,-0.03971264194875391,0.0035952367501348036,,5
position,human,human_start,f1,target_rank,,55,,19,3.5438596491228074,2.105263157894737,5.385964912280701,,5
position,human,human_start,f3,target_hit,,55,,19,0.5789473684210527,0.4385964912280701,0.7192982456140351,,1
position,human,human_start,f3,target_kl,,55,,19,0.10747803507818551,0.07926545052194317,0.14059864619469956,,1
position,human,human_start,f3,target_margin,,55,,19,-0.007720222526842143,-0.038178865271100655,0.017879423172859867,,1
position,human,human_start,f3,target_rank,,55,,19,3.1052631578947363,1.736842105263158,4.859649122807017,,1
position,human,human_start,f3,target_hit,,55,,19,0.6666666666666666,0.4912280701754386,0.8245614035087718,,2
position,human,human_start,f3,target_kl,,55,,19,0.08545622533612209,0.06251501203895331,0.1149196968022059,,2
position,human,human_start,f3,target_margin,,55,,19,0.005519644497577541,-0.02620689207653672,0.029417403839136356,,2
position,human,human_start,f3,target_rank,,55,,19,2.359649122807017,1.4385964912280702,3.7456140350877187,,2
position,human,human_start,f3,target_hit,,55,,19,0.7017543859649122,0.5438596491228069,0.8249999999999976,,3
position,human,human_start,f3,target_kl,,55,,19,0.10480640049696681,0.07023970475433437,0.15484182398807664,,3
position,human,human_start,f3,target_margin,,55,,19,-0.01667844914178597,-0.06995106889787203,0.017670340449507854,,3
position,human,human_start,f3,target_rank,,55,,19,2.7368421052631584,1.333333333333333,4.632017543859646,,3
position,human,human_start,f3,target_hit,,55,,19,0.6228070175438596,0.48245614035087714,0.7631578947368421,,4
position,human,human_start,f3,target_kl,,55,,19,0.09490824277896513,0.06262453673973001,0.13750407687833638,,4
position,human,human_start,f3,target_margin,,55,,19,-0.011922105359596579,-0.05325104892641568,0.017998679125612187,,4
position,human,human_start,f3,target_rank,,55,,19,2.6666666666666665,1.4736842105263157,4.254385964912281,,4
position,human,human_start,f3,target_hit,,55,,19,0.5614035087719298,0.4385964912280701,0.6842105263157894,,5
position,human,human_start,f3,target_kl,,55,,19,0.1192722450445264,0.07541684367600196,0.17298927193197142,,5
position,human,human_start,f3,target_margin,,55,,19,-0.01863417149386684,-0.06648218325632406,0.020842323983457776,,5
position,human,human_start,f3,target_rank,,55,,19,3.1929824561403506,1.9473684210526316,4.842105263157895,,5
position,pro,c1_pooled,f1,target_hit,,200,,20,0.09500000000000001,0.02,0.195,,1
position,pro,c1_pooled,f1,target_kl,,200,,20,0.0845966772863617,0.06778122163414156,0.10201062111058777,,1
position,pro,c1_pooled,f1,target_margin,,200,,20,-0.05930893840844448,-0.07582806550160305,-0.04302240326132843,,1
position,pro,c1_pooled,f1,target_rank,,200,,20,8.58,6.800000000000002,10.504999999999999,,1
position,pro,c1_pooled,f1,target_hit,,200,,20,0.09,0.025,0.16999999999999998,,2
position,pro,c1_pooled,f1,target_kl,,200,,20,0.13544869355269082,0.11282092197982149,0.1586634039204139,,2
position,pro,c1_pooled,f1,target_margin,,200,,20,-0.08819687440834903,-0.11337470662681251,-0.06502323976156534,,2
position,pro,c1_pooled,f1,target_rank,,200,,20,9.9,7.764874999999999,12.120125,,2
position,pro,c1_pooled,f1,target_hit,,200,,20,0.06999999999999999,0.015000000000000003,0.13999999999999999,,3
position,pro,c1_pooled,f1,target_kl,,200,,20,0.15398662362382567,0.12983508373890765,0.1791869923028698,,3
position,pro,c1_pooled,f1,target_margin,,200,,20,-0.10048537580811093,-0.12844112942892805,-0.07396366104118578,,3
position,pro,c1_pooled,f1,target_rank,,200,,20,10.64,8.424875,12.844999999999999,,3
position,pro,c1_pooled,f1,target_hit,,200,,20,0.085,0.015000000000000003,0.17012499999999933,,4
position,pro,c1_pooled,f1,target_kl,,200,,20,0.15527645016052155,0.13028083529023254,0.18161497187370138,,4
position,pro,c1_pooled,f1,target_margin,,200,,20,-0.09820880396482709,-0.12748062355497936,-0.07100853146071963,,4
position,pro,c1_pooled,f1,target_rank,,200,,20,10.370000000000001,8.115000000000002,12.640499999999996,,4
position,pro,c1_pooled,f1,target_hit,,200,,20,0.06000000000000001,0.01,0.12,,5
position,pro,c1_pooled,f1,target_kl,,200,,20,0.16700101367669973,0.14314805314319307,0.192781855186496,,5
position,pro,c1_pooled,f1,target_margin,,200,,20,-0.10599238517245826,-0.1332171346960207,-0.08016796236729228,,5
position,pro,c1_pooled,f1,target_rank,,200,,20,10.745000000000001,8.6295,12.860249999999999,,5
position,pro,c1_pooled,f3,target_hit,,200,,20,0.11500000000000002,0.034999999999999996,0.22000000000000003,,1
position,pro,c1_pooled,f3,target_kl,,200,,20,0.18130320429494967,0.15031502674291733,0.21514389604447354,,1
position,pro,c1_pooled,f3,target_margin,,200,,20,-0.1121753365993597,-0.14356684433136677,-0.08136849677271767,,1
position,pro,c1_pooled,f3,target_rank,,200,,20,8.530000000000001,6.835000000000001,10.410124999999999,,1
position,pro,c1_pooled,f3,target_hit,,200,,20,0.065,0.005,0.13999999999999999,,2
position,pro,c1_pooled,f3,target_kl,,200,,20,0.2701663396209836,0.22282609356203298,0.3241063816383904,,2
position,pro,c1_pooled,f3,target_margin,,200,,20,-0.17571904287655135,-0.23079390219209484,-0.12632687283108368,,2
position,pro,c1_pooled,f3,target_rank,,200,,20,10.125000000000002,8.080000000000002,12.340124999999999,,2
position,pro,c1_pooled,f3,target_hit,,200,,20,0.05499999999999999,0.01,0.11499999999999999,,3
position,pro,c1_pooled,f3,target_kl,,200,,20,0.31449974220275284,0.2613765277897223,0.37375139444000616,,3
position,pro,c1_pooled,f3,target_margin,,200,,20,-0.20634684948729287,-0.2689366081042085,-0.14974366096010774,,3
position,pro,c1_pooled,f3,target_rank,,200,,20,10.715,8.549375000000001,12.905125,,3
position,pro,c1_pooled,f3,target_hit,,200,,20,0.05500000000000001,0.01,0.125,,4
position,pro,c1_pooled,f3,target_kl,,200,,20,0.3215150306986537,0.26190276393624023,0.3836142356225891,,4
position,pro,c1_pooled,f3,target_margin,,200,,20,-0.21055011097010423,-0.27986869121869035,-0.14690097866873705,,4
position,pro,c1_pooled,f3,target_rank,,200,,20,10.470000000000002,8.264625,12.620000000000001,,4
position,pro,c1_pooled,f3,target_hit,,200,,20,0.039999999999999994,0.005,0.09,,5
position,pro,c1_pooled,f3,target_kl,,200,,20,0.3494213106115242,0.2961627287592391,0.40858704452108263,,5
position,pro,c1_pooled,f3,target_margin,,200,,20,-0.2284771739415623,-0.28951488122940594,-0.1684682053418593,,5
position,pro,c1_pooled,f3,target_rank,,200,,20,10.95,8.779375,13.23,,5
position,pro,c2,f1,target_hit,,200,,20,0.18000000000000002,0.06999999999999999,0.305,,1
position,pro,c2,f1,target_kl,,200,,20,0.06247231763137397,0.04766443481156433,0.07773146321960653,,1
position,pro,c2,f1,target_margin,,200,,20,-0.037164460698051446,-0.05191760082464106,-0.022599898294976682,,1
position,pro,c2,f1,target_rank,,200,,20,6.575,5.00975,8.26,,1
position,pro,c2,f1,target_hit,,200,,20,0.1,0.02,0.205,,2
position,pro,c2,f1,target_kl,,200,,20,0.07278961056282371,0.05698752310389673,0.08966231546853491,,2
position,pro,c2,f1,target_margin,,200,,20,-0.050347413000530895,-0.06459505796921633,-0.035364901134816454,,2
position,pro,c2,f1,target_rank,,200,,20,7.640000000000001,5.814875,9.630249999999998,,2
position,pro,c2,f1,target_hit,,200,,20,0.135,0.035,0.275,,3
position,pro,c2,f1,target_kl,,200,,20,0.07465711163396732,0.05957817786776493,0.09140841951806403,,3
position,pro,c2,f1,target_margin,,200,,20,-0.04915510815689067,-0.06414356973295451,-0.033800883637093,,3
position,pro,c2,f1,target_rank,,200,,20,7.425,5.519875000000001,9.240124999999999,,3
position,pro,c2,f1,target_hit,,200,,20,0.1,0.015,0.215,,4
position,pro,c2,f1,target_kl,,200,,20,0.07249316928929515,0.05594345845787873,0.08869517658252386,,4
position,pro,c2,f1,target_margin,,200,,20,-0.04853130905068019,-0.061398463301798614,-0.0349576298458055,,4
position,pro,c2,f1,target_rank,,200,,20,7.264999999999999,5.48,8.965,,4
position,pro,c2,f1,target_hit,,200,,20,0.10500000000000001,0.025,0.21512499999999934,,5
position,pro,c2,f1,target_kl,,200,,20,0.07277768534643637,0.05608158260413248,0.08968848428483225,,5
position,pro,c2,f1,target_margin,,200,,20,-0.048265757695819325,-0.06282184293145597,-0.03373395856079761,,5
position,pro,c2,f1,target_rank,,200,,20,7.375000000000002,5.5996250000000005,9.23525,,5
position,pro,c2,f3,target_hit,,200,,20,0.19,0.08000000000000003,0.31999999999999995,,1
position,pro,c2,f3,target_kl,,200,,20,0.13860463005729684,0.11306079911570756,0.16604684972822537,,1
position,pro,c2,f3,target_margin,,200,,20,-0.063602474988376,-0.09108223640094701,-0.03749677366354632,,1
position,pro,c2,f3,target_rank,,200,,20,6.1049999999999995,4.59975,7.680125000000001,,1
position,pro,c2,f3,target_hit,,200,,20,0.11500000000000002,0.030000000000000006,0.225,,2
position,pro,c2,f3,target_kl,,200,,20,0.15607151879228065,0.12704457550130402,0.18454889831940552,,2
position,pro,c2,f3,target_margin,,200,,20,-0.08891633579492003,-0.11656268928083319,-0.06006865778289537,,2
position,pro,c2,f3,target_rank,,200,,20,7.255,5.5298750000000005,9.05525,,2
position,pro,c2,f3,target_hit,,200,,20,0.13999999999999999,0.034999999999999996,0.26999999999999996,,3
position,pro,c2,f3,target_kl,,200,,20,0.15782759929978693,0.13077337832332148,0.18812277565084143,,3
position,pro,c2,f3,target_margin,,200,,20,-0.08626514733608069,-0.11524741730581883,-0.058025275615039486,,3
position,pro,c2,f3,target_rank,,200,,20,7.1949999999999985,5.34,9.175374999999997,,3
position,pro,c2,f3,target_hit,,200,,20,0.12,0.03,0.23512499999999936,,4
position,pro,c2,f3,target_kl,,200,,20,0.15106334578697167,0.12441900076674549,0.1774211873639518,,4
position,pro,c2,f3,target_margin,,200,,20,-0.08330271627201999,-0.1072773438406007,-0.05890374615945947,,4
position,pro,c2,f3,target_rank,,200,,20,7.090000000000001,5.424874999999999,8.790000000000001,,4
position,pro,c2,f3,target_hit,,200,,20,0.13000000000000003,0.045,0.23499999999999996,,5
position,pro,c2,f3,target_kl,,200,,20,0.1484010939300577,0.1211186692051062,0.17940931248008207,,5
position,pro,c2,f3,target_margin,,200,,20,-0.08159790747478439,-0.10691163786556222,-0.05682068874271754,,5
position,pro,c2,f3,target_rank,,200,,20,6.894999999999999,5.215000000000001,8.700374999999998,,5
position,pro,old,f1,target_hit,,200,,20,0.09500000000000001,0.02,0.19000000000000003,,1
position,pro,old,f1,target_kl,,200,,20,0.0845966772863617,0.06822639055361239,0.10269758802761027,,1
position,pro,old,f1,target_margin,,200,,20,-0.05930893840844448,-0.07599038924493849,-0.043228171382583044,,1
position,pro,old,f1,target_rank,,200,,20,8.58,6.819750000000001,10.435125,,1
position,pro,old,f1,target_hit,,200,,20,0.09,0.02,0.18,,2
position,pro,old,f1,target_kl,,200,,20,0.13544869355269082,0.11408966582806657,0.1600765689680191,,2
position,pro,old,f1,target_margin,,200,,20,-0.08819687440834903,-0.11490556900395141,-0.06542709238835587,,2
position,pro,old,f1,target_rank,,200,,20,9.9,7.679625000000002,12.120624999999995,,2
position,pro,old,f1,target_hit,,200,,20,0.06999999999999999,0.01,0.135,,3
position,pro,old,f1,target_kl,,200,,20,0.15398662362382567,0.13118987714817015,0.1796387017262622,,3
position,pro,old,f1,target_margin,,200,,20,-0.10048537580811093,-0.12806637986129704,-0.07253529779184681,,3
position,pro,old,f1,target_rank,,200,,20,10.64,8.40475,12.820499999999996,,3
position,pro,old,f1,target_hit,,200,,20,0.085,0.02,0.17512499999999934,,4
position,pro,old,f1,target_kl,,200,,20,0.15527645016052155,0.13028881597183156,0.18152818882170396,,4
position,pro,old,f1,target_margin,,200,,20,-0.09820880396482709,-0.12590951068306908,-0.07102052708098076,,4
position,pro,old,f1,target_rank,,200,,20,10.370000000000001,8.064874999999999,12.680124999999999,,4
position,pro,old,f1,target_hit,,200,,20,0.06000000000000001,0.01,0.12012499999999934,,5
position,pro,old,f1,target_kl,,200,,20,0.16700101367669973,0.14375084324161616,0.19190270432259143,,5
position,pro,old,f1,target_margin,,200,,20,-0.10599238517245826,-0.13429368457327223,-0.08127317866235946,,5
position,pro,old,f1,target_rank,,200,,20,10.745000000000001,8.609874999999999,12.81525,,5
position,pro,old,f3,target_hit,,200,,20,0.11500000000000002,0.034999999999999996,0.215,,1
position,pro,old,f3,target_kl,,200,,20,0.18130320429494967,0.15070512290452337,0.2130559629775599,,1
position,pro,old,f3,target_margin,,200,,20,-0.1121753365993597,-0.14463463105753177,-0.08420166125352922,,1
position,pro,old,f3,target_rank,,200,,20,8.530000000000001,6.715000000000001,10.415125,,1
position,pro,old,f3,target_hit,,200,,20,0.065,0.005,0.13999999999999999,,2
position,pro,old,f3,target_kl,,200,,20,0.2701663396209836,0.223311524831494,0.32206170806411183,,2
position,pro,old,f3,target_margin,,200,,20,-0.17571904287655135,-0.2288940051028758,-0.12815450182175095,,2
position,pro,old,f3,target_rank,,200,,20,10.125000000000002,7.969000000000003,12.3,,2
position,pro,old,f3,target_hit,,200,,20,0.05499999999999999,0.01,0.11499999999999999,,3
position,pro,old,f3,target_kl,,200,,20,0.31449974220275284,0.2586397233886927,0.37321159255829434,,3
position,pro,old,f3,target_margin,,200,,20,-0.20634684948729287,-0.2679481646301939,-0.14643964421541833,,3
position,pro,old,f3,target_rank,,200,,20,10.715,8.544875,12.965124999999999,,3
position,pro,old,f3,target_hit,,200,,20,0.05500000000000001,0.01,0.125,,4
position,pro,old,f3,target_kl,,200,,20,0.3215150306986537,0.2622039980982777,0.3855751409956473,,4
position,pro,old,f3,target_margin,,200,,20,-0.21055011097010423,-0.27936289096708117,-0.14740631359563758,,4
position,pro,old,f3,target_rank,,200,,20,10.470000000000002,8.234875,12.695,,4
position,pro,old,f3,target_hit,,200,,20,0.039999999999999994,0.005,0.09,,5
position,pro,old,f3,target_kl,,200,,20,0.3494213106115242,0.2932285873245673,0.4113066004556796,,5
position,pro,old,f3,target_margin,,200,,20,-0.2284771739415623,-0.29219748767320786,-0.16984412633279744,,5
position,pro,old,f3,target_rank,,200,,20,10.95,8.679875,13.140624999999996,,5
