contrast,left,right,rival_mode,window_policy,feature,test_chunk_size,n_authors,accuracy_difference,accuracy_ci_low,accuracy_ci_high,accuracy_wilcoxon_p,kl_true_difference,kl_true_ci_low,kl_true_ci_high,kl_true_wilcoxon_p,margin_difference,margin_ci_low,margin_ci_high,margin_wilcoxon_p,gap_low,gap_high
P3a,two_books N=1000,one_book N=2000,symmetric,random,f3,2000,18,0.019125721697802172,-0.021346369587600066,0.0582555685109391,0.39273834228515625,-0.007702937046439992,-0.0205380158054112,0.0024380613496725136,0.22875213623046875,0.0031248159841950496,-0.00817646434555156,0.016095923979978326,0.8650436401367188,,
P3b,two_books N=2000,one_book N=4000,symmetric,random,f3,2000,17,0.032873771595341966,-0.02637051712798761,0.0871981147273604,0.120208740234375,-0.007813947130188941,-0.017939066791763932,0.0011391807137785144,0.0714111328125,0.005980075708934447,-0.003324440949498765,0.015162115780310194,0.1593780517578125,,
two_books_500_vs_one_book_1000,two_books N=500,one_book N=1000,symmetric,random,f3,2000,20,-0.013413176773748304,-0.05365223647761707,0.019782194703554384,0.8408222198486328,-0.007286783944312541,-0.01711953753389348,0.0010006630177029946,0.4304332733154297,0.0038586219234415645,-0.004617338608109277,0.013842860061914885,0.9854354858398438,,
P3a,two_books N=1000,one_book N=2000,symmetric,random,f3,1000,19,0.017199541951227387,-0.014450223027619908,0.05131315955534999,0.3524589538574219,-0.006671447403174634,-0.01836193779297025,0.0036375814645606404,0.2753410339355469,-0.0008833396527556775,-0.015302182068252982,0.013378417166017722,0.6794281005859375,,
P3b,two_books N=2000,one_book N=4000,symmetric,random,f3,1000,18,0.034962408514120163,-0.01604464867156186,0.08244986083581678,0.16735076904296875,-0.015869928038179253,-0.03420597162627355,-0.0022777628715988144,0.030364990234375,0.013047530966859198,-0.0010948791908540088,0.03210820282238328,0.14151763916015625,,
two_books_500_vs_one_book_1000,two_books N=500,one_book N=1000,symmetric,random,f3,1000,20,-0.013485160076107264,-0.041179558796271505,0.011205525121276157,0.5458755493164062,-0.008286356431513056,-0.017848836590522735,-0.0001814379192143504,0.2773551940917969,0.004863447123677254,-0.0034767550094249706,0.014551555269591832,0.9854354858398438,,
P3a,two_books N=1000,one_book N=2000,symmetric,random,f1,2000,18,0.016912112272506084,-0.02329584200531875,0.058220383788957095,0.522613525390625,-0.0034241331585965246,-0.009737406398855335,0.0015899351325189296,0.30379486083984375,0.0018467619060575234,-0.00408409994332668,0.008757628322251024,0.8650436401367188,,
P3b,two_books N=2000,one_book N=4000,symmetric,random,f1,2000,17,0.03814184807986888,-0.014948632451049697,0.08514527524724974,0.0983734130859375,-0.0034487453328631143,-0.008574544008223406,0.0008824907882921719,0.079681396484375,0.003042731845268276,-0.0016409177664396491,0.007990767398641727,0.120208740234375,,
two_books_500_vs_one_book_1000,two_books N=500,one_book N=1000,symmetric,random,f1,2000,20,-0.006971170379124031,-0.04252044043424147,0.0248089268874705,0.9358520318812181,-0.004434320949303532,-0.009874265391787746,0.00034546452216342933,0.5705966949462891,0.003313058120513526,-0.00157253531797222,0.008779708586779927,0.9272785186767578,,
P3a,two_books N=1000,one_book N=2000,symmetric,random,f1,1000,19,0.018677049258182296,-0.013702479994253247,0.057637137779477814,0.42086289683963596,-0.004453273330729722,-0.010582109801007827,0.0007515797128525481,0.18186569213867188,0.0010341757044702836,-0.004923687827857888,0.007620728283262579,0.7380905151367188,,
P3b,two_books N=2000,one_book N=4000,symmetric,random,f1,1000,18,0.02556767934407296,-0.026295372502084913,0.07115192393280756,0.11870574951171875,-0.006727926624183115,-0.01503912791305825,-4.6232618125151365e-05,0.04827880859375,0.006122208931737981,-0.0009795935414516955,0.014623377149800944,0.0987396240234375,,
two_books_500_vs_one_book_1000,two_books N=500,one_book N=1000,symmetric,random,f1,1000,20,-0.012252994101127937,-0.040729803666706005,0.012905314133071022,0.49800872802734375,-0.004667204600767652,-0.010094953636212716,0.00012162321889721859,0.5705966949462891,0.003498509909795592,-0.001514400142892149,0.008949670251376694,0.8983173370361328,,
P3a,two_books N=1000,one_book N=2000,symmetric,middle,f3,2000,18,0.040662691750748305,-0.03152047934870962,0.11111702308365642,0.20654963247148694,-0.003910448170279014,-0.021176170757367167,0.015605074104106978,0.34654998779296875,-0.002349653470174789,-0.025848628443817814,0.016954328075095355,0.522613525390625,,
P3b,two_books N=2000,one_book N=4000,symmetric,middle,f3,2000,17,0.052462023765764955,-0.019601627133395624,0.11963478227324213,0.19610818609418723,-0.00437299726026151,-0.0145118649390856,0.004625503484946727,0.2068939208984375,0.0031591697725217027,-0.006833869329449422,0.013323067025837423,0.7118988037109375,,
two_books_500_vs_one_book_1000,two_books N=500,one_book N=1000,symmetric,middle,f3,2000,20,-0.004777030932061455,-0.12192019618316076,0.11247344727923189,1.0,-0.02503909273806789,-0.048575842557866136,-0.005609079647991983,0.039989471435546875,0.021996998230878122,0.002044258856642031,0.046085494396117,0.1230926513671875,,
P3a,two_books N=1000,one_book N=2000,symmetric,middle,f3,1000,19,0.026353169221816512,-0.04255493046931796,0.08992759296809348,0.3061029943646809,0.003701924969446254,-0.017634848713866873,0.028936973983725457,0.48996734619140625,-0.009535422450555747,-0.03817512408823395,0.013324967554772941,0.5412178039550781,,
P3b,two_books N=2000,one_book N=4000,symmetric,middle,f3,1000,18,0.0071096868070360175,-0.048071317259565254,0.060093820906147864,0.7945864126678862,-0.013420782075603698,-0.03129584892512363,0.0007827957507121215,0.0987396240234375,0.009594750964516301,-0.004517656919545849,0.02515806960619733,0.32472991943359375,,
two_books_500_vs_one_book_1000,two_books N=500,one_book N=1000,symmetric,middle,f3,1000,20,-0.009098342267374706,-0.09238751700472571,0.08178613779733915,0.8106969968597719,-0.02631882546313214,-0.04927263541541814,-0.007074249017239367,0.029575347900390625,0.021527573108462036,0.0024128208691234815,0.044433078491478574,0.10539817810058594,,
P3a,two_books N=1000,one_book N=2000,symmetric,middle,f1,2000,18,0.01369012156608751,-0.07555796756787031,0.10195192716992424,0.932281494140625,-0.002571362539384399,-0.009461035282139629,0.004850800713130317,0.2121429443359375,0.0017040900073915434,-0.007055161245248644,0.010041843171971848,0.34654998779296875,,
P3b,two_books N=2000,one_book N=4000,symmetric,middle,f1,2000,17,0.03287128284279556,-0.04765180600481938,0.11401349240664874,0.46911315243545415,-0.0018086000417957778,-0.0069434871663046896,0.0027303894350743465,0.328948974609375,0.0011019742558343176,-0.003639869450062865,0.005754765198440481,0.6112213134765625,,
two_books_500_vs_one_book_1000,two_books N=500,one_book N=1000,symmetric,middle,f1,2000,20,0.033960276771647535,-0.0643330285052252,0.1312726267184836,0.42086289683963596,-0.01398208214824399,-0.026545279221417417,-0.003674229080666644,0.029575347900390625,0.012915629859800543,0.002824140047053509,0.024737170403865104,0.04405403137207031,,
P3a,two_books N=1000,one_book N=2000,symmetric,middle,f1,1000,19,0.020216758412529855,-0.046818357335928255,0.08955639301519602,0.5595091741435549,-0.000885697536892213,-0.008180826981961061,0.007016912146795058,0.37359619140625,-0.0010042687350731007,-0.01215206453533927,0.00874499785395552,0.5948867797851562,,
P3b,two_books N=2000,one_book N=4000,symmetric,middle,f1,1000,18,0.0047076767266010545,-0.06403822327673168,0.07123344831605959,0.9749599188317098,-0.005062335390297771,-0.012560284204543767,0.0013381283751748088,0.16735076904296875,0.0036999965901755327,-0.0024484928590854517,0.010085819819927807,0.24620819091796875,,
two_books_500_vs_one_book_1000,two_books N=500,one_book N=1000,symmetric,middle,f1,1000,20,0.0011743716828764683,-0.08152780870595047,0.08599130342650307,0.9679000486136345,-0.014007497797530206,-0.026059465765142373,-0.004011687978843999,0.029575347900390625,0.01236285891934755,0.0027264403060371493,0.023670552000164415,0.058258056640625,,
P3a,two_books N=1000,one_book N=2000,asymmetric,random,f3,2000,18,0.03344660854309913,0.005686063220096361,0.06823296991215733,0.045117871151280915,-0.009190913073582739,-0.0210381792276373,0.00075796667177591,0.0736846923828125,0.009190913073582729,-0.0007579666717759311,0.021038179227637285,0.0736846923828125,,
P3b,two_books N=2000,one_book N=4000,asymmetric,random,f3,2000,17,0.016283134525797972,-0.03302509328380157,0.06148596416546087,0.3010541816225988,-0.007233689730533358,-0.017006574579199574,0.001042553836151812,0.1323699951171875,0.0072336897305333575,-0.001042553836151818,0.017006574579199574,0.1323699951171875,,
two_books_500_vs_one_book_1000,two_books N=500,one_book N=1000,asymmetric,random,f3,2000,20,0.013988183249250821,-0.014682192157942637,0.04317067067512392,0.5958194732666016,-0.005320023620272412,-0.014533052842692667,0.002598129648401781,0.6215133666992188,0.005320023620272405,-0.0025981296484017917,0.014533052842692656,0.6215133666992188,,
P3a,two_books N=1000,one_book N=2000,asymmetric,random,f3,1000,19,0.042294867960431824,0.01750808611580804,0.07037026179351324,0.00457763671875,-0.008527070971741699,-0.019025707040215962,0.0009554743219379573,0.09551239013671875,0.0052971662212247875,-0.00794270594286122,0.017966559775365504,0.1336212158203125,,
P3b,two_books N=2000,one_book N=4000,asymmetric,random,f3,1000,18,0.03682919703688198,-0.0031964294821467624,0.0798916715735072,0.055308752861952165,-0.01628040779008696,-0.03612662058608677,-0.0018582758403675923,0.03849029541015625,0.016280407790086975,0.0018582758403675958,0.03612662058608678,0.03849029541015625,,
two_books_500_vs_one_book_1000,two_books N=500,one_book N=1000,asymmetric,random,f3,1000,20,0.01745738977929278,-0.006808209845246701,0.04371008781361441,0.34881019592285156,-0.006818854488848477,-0.015863202504351966,0.0008716863832635944,0.38837623596191406,0.006818854488848479,-0.0008716863832636026,0.01586320250435195,0.38837623596191406,,
P3a,two_books N=1000,one_book N=2000,asymmetric,random,f1,2000,18,0.034159610463423744,0.006823028552945935,0.06398279527108981,0.06837655952437323,-0.004502720654269783,-0.009754463596089981,-0.00014590040531824454,0.04827880859375,0.004502720654269783,0.00014590040531824627,0.009754463596089976,0.04827880859375,,
P3b,two_books N=2000,one_book N=4000,asymmetric,random,f1,2000,17,0.008783904969144966,-0.033786118465430066,0.045910065254327545,0.4037628173828125,-0.0030480662793789582,-0.008445916766664036,0.0010884697652126128,0.190093994140625,0.0030480662793789582,-0.0010884697652126145,0.008445916766664032,0.190093994140625,,
two_books_500_vs_one_book_1000,two_books N=500,one_book N=1000,asymmetric,random,f1,2000,20,0.008269664574269711,-0.016488002479889997,0.03171999170612347,0.4304332733154297,-0.0030857680637366935,-0.008106147593724276,0.0013641070447604612,0.5958194732666016,0.003085768063736691,-0.0013641070447604586,0.008106147593724262,0.5958194732666016,,
P3a,two_books N=1000,one_book N=2000,asymmetric,random,f1,1000,19,0.04230964626344644,0.020021189235773108,0.06705472187027356,0.003917694091796875,-0.005880379248423524,-0.011616522059262516,-0.001123152140964228,0.0289306640625,0.004023685532975646,-0.00011149649743502136,0.008888137163777196,0.11337661743164062,,
P3b,two_books N=2000,one_book N=4000,asymmetric,random,f1,1000,18,0.0166404528917127,-0.016963380803654178,0.047288724247435646,0.1476602555616499,-0.006721846293860669,-0.015949145645358286,0.00033834878683850985,0.0987396240234375,0.0067218462938606685,-0.00033834878683850704,0.01594914564535828,0.0987396240234375,,
two_books_500_vs_one_book_1000,two_books N=500,one_book N=1000,asymmetric,random,f1,1000,20,0.012768368033349789,-0.009405564653441612,0.03367211025742928,0.2305126190185547,-0.003466448732142799,-0.00833507301836609,0.0007928648515208821,0.5458755493164062,0.003466448732142799,-0.0007928648515208792,0.008335073018366088,0.5458755493164062,,
P3a,two_books N=1000,one_book N=2000,asymmetric,middle,f3,2000,18,0.03216483387055123,-0.02223070689832918,0.0839945373027163,0.24549352944751968,-0.003910448170279014,-0.021176170757367167,0.015605074104106978,0.34654998779296875,0.00391044817027902,-0.015605074104106982,0.02117617075736718,0.34654998779296875,,
P3b,two_books N=2000,one_book N=4000,asymmetric,middle,f3,2000,17,0.028858221934688635,-0.028528644104213,0.0862574069193753,0.24549352944751968,-0.00437299726026151,-0.0145118649390856,0.004625503484946727,0.2068939208984375,0.004372997260261503,-0.004625503484946745,0.014511864939085593,0.2068939208984375,,
two_books_500_vs_one_book_1000,two_books N=500,one_book N=1000,asymmetric,middle,f3,2000,20,-0.004371459528243209,-0.0865863676079876,0.06699292356586588,0.7112498505312588,-0.02503909273806789,-0.048575842557866136,-0.005609079647991983,0.039989471435546875,0.02503909273806789,0.0056090796479919824,0.04857584255786614,0.039989471435546875,,
P3a,two_books N=1000,one_book N=2000,asymmetric,middle,f3,1000,19,0.04842274621778583,-0.00042636969871090354,0.09786881114368663,0.08538899791882958,0.003701924969446254,-0.017634848713866873,0.028936973983725457,0.48996734619140625,-0.006931829719963186,-0.03808223238842673,0.01757767823105627,0.48996734619140625,,
P3b,two_books N=2000,one_book N=4000,asymmetric,middle,f3,1000,18,0.03771091284797149,-0.003094082886258324,0.08047856259214001,0.09798930270791739,-0.013420782075603698,-0.03129584892512363,0.0007827957507121215,0.0987396240234375,0.013420782075603694,-0.0007827957507121429,0.03129584892512362,0.0987396240234375,,
two_books_500_vs_one_book_1000,two_books N=500,one_book N=1000,asymmetric,middle,f3,1000,20,0.013680704947998085,-0.049908202445720536,0.07309552873180296,0.3143893322216611,-0.02631882546313214,-0.04927263541541814,-0.007074249017239367,0.029575347900390625,0.026318825463132127,0.007074249017239359,0.04927263541541814,0.029575347900390625,,
P3a,two_books N=1000,one_book N=2000,asymmetric,middle,f1,2000,18,-0.008214746403564701,-0.068583918217971,0.0491396325208356,0.6791156892928161,-0.002571362539384399,-0.009461035282139629,0.004850800713130317,0.2121429443359375,0.002571362539384396,-0.004850800713130317,0.009461035282139617,0.2121429443359375,,
P3b,two_books N=2000,one_book N=4000,asymmetric,middle,f1,2000,17,-0.0015601805958236445,-0.04238174231175258,0.041745661467587326,0.8647045760375567,-0.0018086000417957778,-0.0069434871663046896,0.0027303894350743465,0.328948974609375,0.001808600041795776,-0.0027303894350743534,0.006943487166304693,0.328948974609375,,
two_books_500_vs_one_book_1000,two_books N=500,one_book N=1000,asymmetric,middle,f1,2000,20,-0.010262553506087454,-0.08008313350351419,0.0576842949290017,1.0,-0.01398208214824399,-0.026545279221417417,-0.003674229080666644,0.029575347900390625,0.01398208214824399,0.003674229080666641,0.02654527922141741,0.029575347900390625,,
P3a,two_books N=1000,one_book N=2000,asymmetric,middle,f1,1000,19,0.015739210444448103,-0.033814363575036935,0.06487128134170007,0.5227810104666994,-0.000885697536892213,-0.008180826981961061,0.007016912146795058,0.37359619140625,-0.0009709961785556597,-0.011380635504152569,0.007723010267685373,0.3954620361328125,,
P3b,two_books N=2000,one_book N=4000,asymmetric,middle,f1,1000,18,0.01776620216061903,-0.014856499296123591,0.04948423388477766,0.3559586988465746,-0.005062335390297771,-0.012560284204543767,0.0013381283751748088,0.16735076904296875,0.0050623353902977675,-0.0013381283751748114,0.012560284204543751,0.16735076904296875,,
two_books_500_vs_one_book_1000,two_books N=500,one_book N=1000,asymmetric,middle,f1,1000,20,0.004183021376119771,-0.04810286135829943,0.05666750891778738,0.7172177958043885,-0.014007497797530206,-0.026059465765142373,-0.004011687978843999,0.029575347900390625,0.014007497797530199,0.004011687978843997,0.02605946576514237,0.029575347900390625,,
gap growth,gap N=2000,gap N=500,symmetric,random,f3,2000,18,0.01985599961369288,-0.015611990134497301,0.05587404605176784,0.34654998779296875,,,,,,,,,0.061645396364643945,0.08150139597833682
gap growth,gap N=4000,gap N=500,symmetric,random,f3,2000,17,-0.016654046908611792,-0.06869358143389359,0.03608989846337333,0.5790557861328125,,,,,,,,,0.0647814000723681,0.048127353163756305
gap growth,gap N=4000,gap N=1000,symmetric,random,f3,2000,17,-0.032920378560971936,-0.08697355933084032,0.0162458116136881,0.6112213134765625,,,,,,,,,0.08104773172472825,0.048127353163756305
gap growth,gap N=2000,gap N=500,symmetric,random,f3,1000,19,0.02474161580800341,-0.0036636320943241028,0.056765490350668926,0.1336212158203125,,,,,,,,,0.046769790269660126,0.07151140607766354
gap growth,gap N=4000,gap N=500,symmetric,random,f3,1000,18,0.0008103243626628315,-0.041338857189733645,0.03933542398930264,0.9057940914405992,,,,,,,,,0.04605021071674001,0.04686053507940283
gap growth,gap N=4000,gap N=1000,symmetric,random,f3,1000,18,-0.02067212791662454,-0.06527660865654654,0.018825617174095657,0.7660293579101562,,,,,,,,,0.06753266299602739,0.04686053507940283
gap growth,gap N=2000,gap N=500,symmetric,random,f1,2000,18,0.010668652614500725,-0.024196145425209398,0.045738750434094505,0.4631068149666542,,,,,,,,,0.06370736705974621,0.07437601967424692
gap growth,gap N=4000,gap N=500,symmetric,random,f1,2000,17,0.004442065509255659,-0.04377138379080895,0.05316924312467081,0.7466583251953125,,,,,,,,,0.06255289845541755,0.0669949639646732
gap growth,gap N=4000,gap N=1000,symmetric,random,f1,2000,17,-0.006968047966211083,-0.05977867577559183,0.04238012133884573,1.0,,,,,,,,,0.0739630119308843,0.0669949639646732
gap growth,gap N=2000,gap N=500,symmetric,random,f1,1000,19,0.011619678145026822,-0.014511066168455556,0.039779950945638416,0.4653167724609375,,,,,,,,,0.0454474632106927,0.057067141355719504
gap growth,gap N=4000,gap N=500,symmetric,random,f1,1000,18,0.008613211203701725,-0.030460918177549742,0.048524767169029974,0.5540338584644351,,,,,,,,,0.046197630919928706,0.05481084212363044
gap growth,gap N=4000,gap N=1000,symmetric,random,f1,1000,18,-0.005233983889847043,-0.05362955903863031,0.033389545903644534,0.7018814086914062,,,,,,,,,0.06004482601347748,0.05481084212363044
gap growth,gap N=2000,gap N=500,symmetric,middle,f3,2000,18,0.015656105857615617,-0.07524562695987289,0.09726580143494999,0.6012065440113676,,,,,,,,,0.09852181230580978,0.11417791816342542
gap growth,gap N=4000,gap N=500,symmetric,middle,f3,2000,17,-0.035881612882976616,-0.12595025061189216,0.05230167442442198,0.4873809814453125,,,,,,,,,0.09778126531726264,0.06189965243428605
gap growth,gap N=4000,gap N=1000,symmetric,middle,f3,2000,17,-0.041829214432875086,-0.1416035640872382,0.05335487390199487,0.43796657516602056,,,,,,,,,0.10372886686716114,0.06189965243428605
gap growth,gap N=2000,gap N=500,symmetric,middle,f3,1000,19,-0.01789040176657231,-0.09758953858409171,0.04614711840988618,0.8905677795410156,,,,,,,,,0.08179200562848563,0.0639016038619133
gap growth,gap N=4000,gap N=500,symmetric,middle,f3,1000,18,0.02206255154841176,-0.10762251230919255,0.1717477613782718,1.0,,,,,,,,,0.08016316643500643,0.10222571798341819
gap growth,gap N=4000,gap N=1000,symmetric,middle,f3,1000,18,0.04102571039743727,-0.07379530613651757,0.17328866452154107,0.7938356323393149,,,,,,,,,0.06120000758598091,0.10222571798341819
gap growth,gap N=2000,gap N=500,symmetric,middle,f1,2000,18,0.024396315978315538,-0.09739096125507364,0.13179083279555426,0.49507904052734375,,,,,,,,,0.10071949990301061,0.12511581588132614
gap growth,gap N=4000,gap N=500,symmetric,middle,f1,2000,17,-0.053917340410276834,-0.15065547512223673,0.04586786247569122,0.328948974609375,,,,,,,,,0.10010822865547529,0.04619088824519845
gap growth,gap N=4000,gap N=1000,symmetric,middle,f1,2000,17,-0.029667540606491984,-0.16011033197656346,0.09849338283719328,0.677703857421875,,,,,,,,,0.07585842885169045,0.04619088824519845
gap growth,gap N=2000,gap N=500,symmetric,middle,f1,1000,19,-0.009705896617001457,-0.08749945655675884,0.06338069610610415,0.9652587087271087,,,,,,,,,0.0882946188689289,0.07858872225192745
gap growth,gap N=4000,gap N=500,symmetric,middle,f1,1000,18,-0.04387154364910911,-0.13270911197394955,0.03862424590034999,0.43475617175843206,,,,,,,,,0.08394061621349902,0.040069072564389914
gap growth,gap N=4000,gap N=1000,symmetric,middle,f1,1000,18,-0.011261426004764359,-0.0964991783379316,0.07506607308837442,0.7660293579101562,,,,,,,,,0.05133049856915428,0.040069072564389914
gap growth,gap N=2000,gap N=500,asymmetric,random,f3,2000,18,0.006738846964594976,-0.014940170312024784,0.031845317924324476,0.7660293579101562,,,,,,,,,0.07705875224980155,0.08379759921439653
gap growth,gap N=4000,gap N=500,asymmetric,random,f3,2000,17,-0.023571024894357778,-0.0773934235763214,0.024398193931730032,0.7466583251953125,,,,,,,,,0.07848704486580294,0.054916019971445164
gap growth,gap N=4000,gap N=1000,asymmetric,random,f3,2000,17,-0.04214341072518542,-0.08697151541170872,-0.00220648120018169,0.17425537109375,,,,,,,,,0.09705943069663059,0.054916019971445164
gap growth,gap N=2000,gap N=500,asymmetric,random,f3,1000,19,0.017075842865104985,-0.006955935742906311,0.04626943444601751,0.6008341615189702,,,,,,,,,0.06912918424365734,0.08620502710876235
gap growth,gap N=4000,gap N=500,asymmetric,random,f3,1000,18,-0.015671912015610263,-0.055581662735280306,0.023011736740049304,0.5798416137695312,,,,,,,,,0.0718122870720087,0.056140375056398434
gap growth,gap N=4000,gap N=1000,asymmetric,random,f3,1000,18,-0.024292122557325255,-0.059755194696718056,0.006679007206210002,0.30379486083984375,,,,,,,,,0.08043249761372369,0.056140375056398434
gap growth,gap N=2000,gap N=500,asymmetric,random,f1,2000,18,-0.0003757585194554231,-0.019976377722045885,0.017938914693675003,0.7987060546875,,,,,,,,,0.06540004826966851,0.06502428975021307
gap growth,gap N=4000,gap N=500,asymmetric,random,f1,2000,17,-0.014271834892453237,-0.07281900300692234,0.04001659450920439,0.7466583251953125,,,,,,,,,0.0630379596057928,0.04876612471333955
gap growth,gap N=4000,gap N=1000,asymmetric,random,f1,2000,17,-0.025811760165523334,-0.08192021093198294,0.028824315820595893,0.35197884167136195,,,,,,,,,0.07457788487886287,0.04876612471333955
gap growth,gap N=2000,gap N=500,asymmetric,random,f1,1000,19,0.0018381693667470324,-0.017094527445069386,0.020436231769156262,0.5677604675292969,,,,,,,,,0.0560249196387564,0.057863089005503444
gap growth,gap N=4000,gap N=500,asymmetric,random,f1,1000,18,-0.008587008968191943,-0.046072686121669565,0.026900032511485962,0.6094589233398438,,,,,,,,,0.05828864974214412,0.049701640773952165
gap growth,gap N=4000,gap N=1000,asymmetric,random,f1,1000,18,-0.01860180039214362,-0.05710917584637894,0.016034948855311593,0.39273834228515625,,,,,,,,,0.0683034411660958,0.049701640773952165
gap growth,gap N=2000,gap N=500,asymmetric,middle,f3,2000,18,0.019742433931238486,-0.04658855251502311,0.08073989590948781,0.40804420568711997,,,,,,,,,0.05774249364382192,0.0774849275750604
gap growth,gap N=4000,gap N=500,asymmetric,middle,f3,2000,17,0.013738657180702345,-0.054898592145550804,0.0743365391444245,0.4873809814453125,,,,,,,,,0.06113911091698791,0.07487776809769027
gap growth,gap N=4000,gap N=1000,asymmetric,middle,f3,2000,17,-0.012083019791566453,-0.06549637028756278,0.04029204689330284,0.683239071626591,,,,,,,,,0.08696078788925672,0.07487776809769027
gap growth,gap N=2000,gap N=500,asymmetric,middle,f3,1000,19,-0.0017078681686356928,-0.06373950072934685,0.0529318320543048,0.8405177356132087,,,,,,,,,0.08178495802188147,0.08007708985324577
gap growth,gap N=4000,gap N=500,asymmetric,middle,f3,1000,18,-0.02207043340218013,-0.08409244208194397,0.03249960837287671,0.7018814086914062,,,,,,,,,0.08632856680087489,0.06425813339869475
gap growth,gap N=4000,gap N=1000,asymmetric,middle,f3,1000,18,-0.011217797474918575,-0.04797301004495737,0.0247928713790669,0.5798416137695312,,,,,,,,,0.07547593087361333,0.06425813339869475
gap growth,gap N=2000,gap N=500,asymmetric,middle,f1,2000,18,-0.001913344742181744,-0.07043850502184866,0.0652812933110385,0.9305832517004332,,,,,,,,,0.05837862914025496,0.056465284398073225
gap growth,gap N=4000,gap N=500,asymmetric,middle,f1,2000,17,-0.005574857567279568,-0.09020488607368907,0.07411870032244793,0.926513671875,,,,,,,,,0.05854469229229611,0.05296983472501654
gap growth,gap N=4000,gap N=1000,asymmetric,middle,f1,2000,17,0.022857005265853294,-0.047068418207863234,0.08515291077124386,0.27753025059514513,,,,,,,,,0.03011282945916325,0.05296983472501654
gap growth,gap N=2000,gap N=500,asymmetric,middle,f1,1000,19,0.0004161388739755733,-0.05035326193794559,0.049687520560572906,1.0,,,,,,,,,0.058441338196268885,0.058857477070244475
gap growth,gap N=4000,gap N=500,asymmetric,middle,f1,1000,18,-0.0029363253183983173,-0.06851715774280606,0.052277820028740804,0.932281494140625,,,,,,,,,0.06323128908371595,0.060294963765317594
gap growth,gap N=4000,gap N=1000,asymmetric,middle,f1,1000,18,0.01904418326378728,-0.031271490529765376,0.06461897284467165,0.44229888916015625,,,,,,,,,0.04125078050153034,0.060294963765317594
