rival_mode,window_policy,feature,test_chunk_size,budget_n,design,reference_marks,predicted_n_eff,n_authors,n_chunk_observations,macro_accuracy,macro_accuracy_ci_low,macro_accuracy_ci_high,macro_kl_true,macro_kl_true_ci_low,macro_kl_true_ci_high,macro_margin,macro_margin_ci_low,macro_margin_ci_high
asymmetric,middle,f1,1000,500,one_book,1000,613.794846112894,20,1003,0.3534381267517483,0.24756651361069257,0.46327976933413156,0.06962493008487343,0.04747940412965338,0.09453814538416064,-0.03791712936593499,-0.061161189078841334,-0.017634505614015777
asymmetric,middle,f1,1000,500,two_books,1000,760.68509896574,20,1003,0.41312406470487045,0.30940749773637927,0.5222683925009549,0.05802912427773292,0.03682538567361086,0.08376306946541354,-0.026321323558794508,-0.05190551484857035,-0.006234540574918891
asymmetric,middle,f1,1000,1000,one_book,2000,885.5757668938548,20,1003,0.40894104332875064,0.302078478474341,0.5236279917522777,0.07203662207526311,0.04209328900378199,0.10849774585906805,-0.04032882135632471,-0.07679471712477362,-0.011525737572886132
asymmetric,middle,f1,1000,1000,two_books,2000,1227.589692225788,20,1003,0.4446778568912391,0.335980997652914,0.5503795367685552,0.054384230731402625,0.034908634066198645,0.07710554209277407,-0.0226764300124642,-0.04528281079409248,-0.00448779019297705
asymmetric,middle,f1,1000,2000,one_book,4000,1137.3861755636717,19,977,0.4260269547042246,0.31706264690615193,0.5395339620300229,0.05638115666314919,0.03792414458910738,0.0793481513360168,-0.022900331787052874,-0.04179567286251564,-0.0070168892150077235
asymmetric,middle,f1,1000,2000,two_books,4000,1771.1515337877097,19,977,0.48488443177446905,0.3536365652242194,0.6122019523834744,0.04776107476701171,0.03063312362664496,0.06776657693509043,-0.014280249890915399,-0.0316870823365875,0.0005898534111140803
asymmetric,middle,f1,1000,4000,one_book,8000,1325.8926754860408,18,959,0.4724513153297156,0.34545985960512204,0.6033769152294732,0.04643158055290429,0.030826642143299977,0.065184026393218,-0.013873303438970995,-0.03061663716256472,0.0006618939458315122
asymmetric,middle,f1,1000,4000,two_books,8000,2274.7723511273434,18,959,0.5327462790950332,0.4010349980810716,0.6586114834811785,0.03864031658128032,0.026707531862080282,0.05316346974791829,-0.006082039467347026,-0.01881548356164834,0.0044426009904925045
asymmetric,middle,f1,2000,500,one_book,1000,613.794846112894,20,485,0.3873891839123669,0.2606818266220415,0.5221206107516564,0.062129697085835045,0.04166549070682867,0.08553168081965778,-0.032820611694384674,-0.05580449938744716,-0.012711447937188198
asymmetric,middle,f1,2000,500,two_books,1000,760.68509896574,20,485,0.43715217236081844,0.31923940603209644,0.5575226636304733,0.05103642837083568,0.0307231187088142,0.07666642372900323,-0.021727342979385323,-0.04741539167588849,-0.0019065430972289993
asymmetric,middle,f1,2000,1000,one_book,2000,885.5757668938548,20,485,0.447414725866906,0.3172095031390899,0.5881064084727251,0.06501851051907967,0.035947778546569664,0.1018775437541907,-0.03570942512762931,-0.07254978637285203,-0.006789084588457205
asymmetric,middle,f1,2000,1000,two_books,2000,1227.589692225788,20,485,0.4952328531294169,0.35195852069375505,0.6385762315475938,0.047058555259524154,0.028646229192343813,0.06903304089751487,-0.017749469868073787,-0.04022051239527996,0.00016367171371899685
asymmetric,middle,f1,2000,2000,one_book,4000,1137.3861755636717,18,473,0.5029179165473614,0.3712752880367867,0.6392878327213675,0.042116071908662275,0.027656033683685174,0.058841587153326935,-0.012802739978672492,-0.0285653405481056,0.0003374157255531347
asymmetric,middle,f1,2000,2000,two_books,4000,1771.1515337877097,18,473,0.5593832009454345,0.41985504955299635,0.6984761304112275,0.0370211213390603,0.021745561272087526,0.055106914196040316,-0.007707789409070524,-0.025669173238286117,0.006710346476630702
asymmetric,middle,f1,2000,4000,one_book,8000,1325.8926754860408,17,464,0.5677044848648458,0.4199453785791123,0.7121080095923739,0.033182811113267444,0.02159937861714983,0.04746433811051513,-0.0047097112102434556,-0.019585846045408466,0.007933125256056323
asymmetric,middle,f1,2000,4000,two_books,8000,2274.7723511273434,17,464,0.6206743195898624,0.4850145447285147,0.7538663868186051,0.02817332906771309,0.018356570060876997,0.04021030515907276,0.0002997708353108967,-0.012200033657244511,0.010738767061645428
asymmetric,middle,f3,1000,500,one_book,1000,613.794846112894,20,1003,0.41761110328826456,0.3178735053853964,0.5166280755953969,0.14772534298503442,0.10952722861298032,0.18910879961257016,-0.05231499026466215,-0.08999140131384353,-0.020589687957418116
asymmetric,middle,f3,1000,500,two_books,1000,760.68509896574,20,1003,0.4994734800757186,0.40112665699630584,0.5964343329756889,0.13283941011606865,0.09082002574303749,0.18531981565749692,-0.03742905739569634,-0.08678634021550723,-0.000614504761282726
asymmetric,middle,f3,1000,1000,one_book,2000,885.5757668938548,20,1003,0.48579277512772057,0.38247684158246176,0.5936187553184423,0.15915823557920072,0.10076848759237426,0.23264856998451244,-0.06374788285882847,-0.1352197603637435,-0.011047471967859712
asymmetric,middle,f3,1000,1000,two_books,2000,1227.589692225788,20,1003,0.5523322240250836,0.43804889362901983,0.6560890249787963,0.12806503733833552,0.08638816534192457,0.17646964665270978,-0.03265468461796325,-0.07795693911874016,0.0027554087736461727
asymmetric,middle,f3,1000,2000,one_book,4000,1137.3861755636717,19,977,0.497891875563004,0.3828200485696983,0.6073343628716471,0.12763655649708447,0.09420515311583631,0.16662114243145076,-0.028727042133334393,-0.059495297044975366,-0.004082720464099622
asymmetric,middle,f3,1000,2000,two_books,4000,1771.1515337877097,19,977,0.5779689654162499,0.4470776468638772,0.6896423825918979,0.11295567914228037,0.07719411691369268,0.15864886364800931,-0.014046164778530294,-0.04872241776121521,0.014126473876765614
asymmetric,middle,f3,1000,4000,one_book,8000,1325.8926754860408,18,959,0.5384168222518971,0.41098210170193983,0.6574334719804874,0.10887504624145562,0.08027241257578312,0.14475533213117414,-0.015260836357276701,-0.044685665975591586,0.008863997603504486
asymmetric,middle,f3,1000,4000,two_books,8000,2274.7723511273434,18,959,0.6026749556505918,0.46308377913536025,0.7220956800661958,0.08987863234216649,0.06949140663585257,0.11550319490584979,0.003735577542012419,-0.018478869891606686,0.020357288623324945
asymmetric,middle,f3,2000,500,one_book,1000,613.794846112894,20,485,0.45576071472505353,0.3314306175320293,0.58309710194854,0.13272454670216266,0.0969608693162151,0.17251255714832692,-0.04545512590272175,-0.08513949856944018,-0.013744649359824208
asymmetric,middle,f3,2000,500,two_books,1000,760.68509896574,20,485,0.5132845145600488,0.404193318111604,0.6276923845694543,0.11898462213397512,0.07772516256496131,0.17171809626139506,-0.03171520133453421,-0.08424959291606564,0.005486031728763717
asymmetric,middle,f3,2000,1000,one_book,2000,885.5757668938548,20,485,0.5176559740882919,0.39877824706463627,0.6338567160483343,0.14402371487204302,0.08630003345000843,0.22025924422279183,-0.056754294072602095,-0.13225319807975244,-0.004357317776207917
asymmetric,middle,f3,2000,1000,two_books,2000,1227.589692225788,20,485,0.594350421571938,0.4630413600551883,0.7135692751087199,0.1120879767710206,0.07238823454546564,0.16073278467246638,-0.024818555971579653,-0.07072490791077729,0.009757071558263553
asymmetric,middle,f3,2000,2000,one_book,4000,1137.3861755636717,18,473,0.5850146468883922,0.45215170203639937,0.7116932805311805,0.10127322957983792,0.07207864065728561,0.1360161185586489,-0.013209422127559206,-0.044364540610554816,0.011862641297424136
asymmetric,middle,f3,2000,2000,two_books,4000,1771.1515337877097,18,473,0.6624995744634526,0.5363269531512181,0.7792087589886125,0.09229801337570989,0.05797961734771111,0.134264849739873,-0.004234205923431194,-0.03817724219265075,0.02323756091049307
asymmetric,middle,f3,2000,4000,one_book,8000,1325.8926754860408,17,464,0.639932177170405,0.5018040247515902,0.7666718449755119,0.08086319010640428,0.05774246784280116,0.10915609415501096,0.0016100038879658047,-0.023916203302395755,0.023590255356805593
asymmetric,middle,f3,2000,4000,two_books,8000,2274.7723511273434,17,464,0.7148099452680952,0.591974147934992,0.8252207529072935,0.06880773849089705,0.050094547622600356,0.09123034903924959,0.013665455503473017,-0.00862028168715983,0.03158224116919212
asymmetric,random,f1,1000,500,one_book,1000,613.794846112894,20,20060,0.38369057878642615,0.2818196252769697,0.4897496517739685,0.06813629291426755,0.04541076348026281,0.09413862587101718,-0.036428492195329135,-0.06090264903050202,-0.015395067451999669
asymmetric,random,f1,1000,500,two_books,1000,760.68509896574,20,20060,0.4371225857765781,0.33433899295777175,0.5422097539949832,0.056772581300021094,0.03758070682767548,0.07883563074300186,-0.02506478058108267,-0.04698427205741958,-0.00708138234341211
asymmetric,random,f1,1000,1000,one_book,2000,885.5757668938548,20,20060,0.42435421774322835,0.31494459738917957,0.5365744441737248,0.06023903003216389,0.040213962267621764,0.08281777259448314,-0.028531229313225465,-0.05005336727637732,-0.009495251219275571
asymmetric,random,f1,1000,1000,two_books,2000,1227.589692225788,20,20060,0.48673009257049216,0.3794500625975725,0.5910404252621281,0.050733521141715324,0.033896052598486645,0.07002324595772341,-0.019025720422776907,-0.03810474254300608,-0.003305310617386555
asymmetric,random,f1,1000,2000,one_book,4000,1137.3861755636717,19,19540,0.4375816792493525,0.3197437755288783,0.5628899556607692,0.057886045527508194,0.03725389153010744,0.0835722009462867,-0.02440522065141189,-0.046042460784110395,-0.0068179775280639374
asymmetric,random,f1,1000,2000,two_books,4000,1771.1515337877097,19,19540,0.4954447682548559,0.37007611241596966,0.618968065147428,0.04538602111687238,0.030928684171111314,0.0618747289478526,-0.011905196240776067,-0.025322374591287954,0.00016908086090480055
asymmetric,random,f1,1000,4000,one_book,8000,1325.8926754860408,18,19180,0.48904507409335124,0.3585907274252565,0.6184918692514924,0.046936347587972965,0.030235298946333086,0.0672347223183972,-0.014378070474039661,-0.03247235724770057,0.001204640651955748
asymmetric,random,f1,1000,4000,two_books,8000,2274.7723511273434,18,19180,0.5387467148673035,0.40499134109642515,0.6676734217746247,0.03814398181093697,0.0268300554303785,0.051352173811102964,-0.0055857046970036696,-0.017127377013624906,0.004460128830937383
asymmetric,random,f1,2000,500,one_book,1000,613.794846112894,20,9700,0.4249570168417736,0.3037394471514486,0.5517824427718434,0.0604277872236235,0.039207823468992285,0.08454201725953697,-0.031118701832173135,-0.05490814078310321,-0.010435752004171368
asymmetric,random,f1,2000,500,two_books,1000,760.68509896574,20,9700,0.48826150472891977,0.3666445439186641,0.6105796664613448,0.04942144737631691,0.03127583475383427,0.0706155367372457,-0.020112361984866538,-0.04179329551692961,-0.0023688744557077584
asymmetric,random,f1,2000,1000,one_book,2000,885.5757668938548,20,9700,0.4799918401546501,0.34863556834822734,0.6144324586906003,0.052507215440053615,0.03350817221253455,0.07361386850466611,-0.02319813004860323,-0.0437862804281913,-0.0046695929608358755
asymmetric,random,f1,2000,1000,two_books,2000,1227.589692225788,20,9700,0.553938597857239,0.4238294861474093,0.6811052492754989,0.043060475867542636,0.02740242562608292,0.061501236720208095,-0.013751390476092256,-0.032630642718594456,0.0015389368321080115
asymmetric,random,f1,2000,2000,one_book,4000,1137.3861755636717,18,9460,0.520216609377953,0.3846431568491189,0.6542161473425503,0.04182639323044743,0.026973557029950072,0.05802212833285677,-0.012513061300457652,-0.02830899230820186,0.001117355858211252
asymmetric,random,f1,2000,2000,two_books,4000,1771.1515337877097,18,9460,0.5852408991281659,0.45066692168641587,0.7146665157411297,0.03433110534477926,0.021926217053501718,0.04831130640325554,-0.0050177734147894785,-0.018629646725886174,0.006461355274873918
asymmetric,random,f1,2000,4000,one_book,8000,1325.8926754860408,17,9280,0.5878437137155798,0.437390912494628,0.732921532395881,0.03301103784615794,0.020932843595407497,0.0478849343628567,-0.004537937943133955,-0.019817422131331953,0.008514496472387207
asymmetric,random,f1,2000,4000,two_books,8000,2274.7723511273434,17,9280,0.6366098384289195,0.49481888485816966,0.774251049732661,0.027792148162212867,0.018526032929712492,0.03864138601722344,0.0006809517408111243,-0.010714465070911465,0.01068710444230318
asymmetric,random,f3,1000,500,one_book,1000,613.794846112894,20,20060,0.433972200212221,0.33343788388749096,0.5313659499690719,0.15040521302280568,0.10749141688670516,0.1994163446773945,-0.05499486030243343,-0.09705088404695618,-0.019357722157239715
asymmetric,random,f3,1000,500,two_books,1000,760.68509896574,20,20060,0.49922825857702885,0.39658189258641546,0.5938910572092672,0.13162221604285634,0.09331841531535785,0.17689894509928297,-0.0362118633224841,-0.07712313669571287,-0.0046959547883416225
asymmetric,random,f3,1000,1000,one_book,2000,885.5757668938548,20,20060,0.481770868797736,0.37657693729492836,0.582325197904773,0.13844107053170485,0.09853212248436086,0.18436987276963213,-0.04303071781133258,-0.08185594881240217,-0.009461277460060319
asymmetric,random,f3,1000,1000,two_books,2000,1227.589692225788,20,20060,0.5622156722056431,0.4557411532762036,0.6621610117335217,0.12081616692209743,0.08429905896657726,0.16313223120261283,-0.025405814201725153,-0.06323902759832226,0.0039086596405526345
asymmetric,random,f3,1000,2000,one_book,4000,1137.3861755636717,19,19540,0.5003882957648064,0.3812176762129544,0.6153945444039323,0.1328762867927198,0.09406289724708247,0.17832672468170646,-0.03396677242896975,-0.06896325186268035,-0.005201611428340102
asymmetric,random,f3,1000,2000,two_books,4000,1771.1515337877097,19,19540,0.5865933228735687,0.47462968006948725,0.6864378010080893,0.10707012123624153,0.07786777615649187,0.14337761480550854,-0.008160606872491481,-0.03240671502625004,0.012626663654561924
asymmetric,random,f3,1000,4000,one_book,8000,1325.8926754860408,18,19180,0.5528773351321319,0.42098766525898373,0.6726133415273077,0.10993875339476825,0.07928771510140327,0.14814492856560973,-0.016324543510589325,-0.048251781533958475,0.009986259191375165
asymmetric,random,f3,1000,4000,two_books,8000,2274.7723511273434,18,19180,0.6090177101885303,0.4681329580814495,0.7253505704536135,0.08981221598922315,0.06960818124659741,0.11386428622827648,0.0038019938949557866,-0.01608084041485833,0.020339205435584738
asymmetric,random,f3,2000,500,one_book,1000,613.794846112894,20,9700,0.4579743995391142,0.34146796554369246,0.5695335246902478,0.1350396314006652,0.09426592005405067,0.18061555341424287,-0.04777021060122429,-0.08804750429757062,-0.013286304547634282
asymmetric,random,f3,2000,500,two_books,1000,760.68509896574,20,9700,0.5296883876750467,0.4140567507474178,0.6370307580808703,0.11681380286991949,0.07977417080157774,0.16088557201770842,-0.02954438207047857,-0.07227829239920693,0.002413059803600682
asymmetric,random,f3,2000,1000,one_book,2000,885.5757668938548,20,9700,0.5157002044257959,0.3951316287003215,0.6305926798898053,0.12213382649019189,0.08363046068773126,0.16548413801009784,-0.03486440569075098,-0.07504860347762898,-0.001299635816658582
asymmetric,random,f3,2000,1000,two_books,2000,1227.589692225788,20,9700,0.6090340538512653,0.48888206822286406,0.7206002372662387,0.10441616005969231,0.0696144205261352,0.14572606569129792,-0.01714673926025139,-0.0570221682550737,0.011458136359857025
asymmetric,random,f3,2000,2000,one_book,4000,1137.3861755636717,18,9460,0.5864677722792943,0.4593043191622955,0.708825975022853,0.10184479918867477,0.07121579469589519,0.1362343015706756,-0.013780991736396044,-0.04144082176138676,0.010108460516959746
asymmetric,random,f3,2000,2000,two_books,4000,1771.1515337877097,18,9460,0.6702653714936909,0.5496021259991346,0.7827733194283955,0.08521836884996949,0.05820271610505163,0.11688384700772651,0.0028454386023092364,-0.02035684234625179,0.02303243048549464
asymmetric,random,f3,2000,4000,one_book,8000,1325.8926754860408,17,9280,0.6633442522845152,0.5219756434579417,0.7895548071975612,0.08071198009615434,0.056565845214628416,0.10968916816580795,0.001761213898215716,-0.024732995269431936,0.02451157902967123
asymmetric,random,f3,2000,4000,two_books,8000,2274.7723511273434,17,9280,0.7182602722559603,0.588668687671966,0.8368841503702052,0.06800853583324498,0.0502252660298373,0.08869462230152092,0.014464658161125103,-0.0054821641779344435,0.03133576496843507
symmetric,middle,f1,1000,500,one_book,1000,613.794846112894,20,1003,0.289415915274941,0.1939797636793103,0.3972156853694772,0.06962493008487343,0.04747940412965338,0.09453814538416064,-0.04359882990523149,-0.06693599059453954,-0.022767985379177055
symmetric,middle,f1,1000,500,two_books,1000,760.68509896574,20,1003,0.3691291365337567,0.2709377929278766,0.47007854446923664,0.05802912427773292,0.03682538567361086,0.08376306946541354,-0.031078811789522348,-0.05675893059778004,-0.010873323329395966
symmetric,middle,f1,1000,1000,one_book,2000,885.5757668938548,20,1003,0.36795476485088024,0.2896720980209492,0.4542167481755657,0.07203662207526311,0.04209328900378199,0.10849774585906805,-0.0434416707088699,-0.078756691410672,-0.015451502722857972
symmetric,middle,f1,1000,1000,two_books,2000,1227.589692225788,20,1003,0.4210966580075636,0.3270033151961798,0.5156476451216767,0.054384230731402625,0.034908634066198645,0.07710554209277407,-0.025205092265506997,-0.04736736230932018,-0.00726257428924937
symmetric,middle,f1,1000,2000,one_book,4000,1137.3861755636717,19,977,0.405499021946309,0.3028733550711573,0.5190747849856108,0.05638115666314919,0.03792414458910738,0.0793481513360168,-0.02462184427312565,-0.04339729551780145,-0.008937850019141215
symmetric,middle,f1,1000,2000,two_books,4000,1771.1515337877097,19,977,0.48408774419823647,0.36983641000496303,0.5967990169778133,0.04776107476701171,0.03063312362664496,0.06776657693509043,-0.016358237364696875,-0.033937422794804786,-0.002239980593661361
symmetric,middle,f1,1000,4000,one_book,8000,1325.8926754860408,18,959,0.4784960532604263,0.35954291399472876,0.6006479426213776,0.04643158055290429,0.030826642143299977,0.065184026393218,-0.014866346220886915,-0.029983745595338944,-0.001875902049885713
symmetric,middle,f1,1000,4000,two_books,8000,2274.7723511273434,18,959,0.5185651258248162,0.3867108113444916,0.6473066366666662,0.03864031658128032,0.026707531862080282,0.05316346974791829,-0.006448856553934873,-0.019071112754891765,0.0036487809139008416
symmetric,middle,f1,2000,500,one_book,1000,613.794846112894,20,485,0.31879877503167664,0.20389630493659552,0.44565550618718935,0.062129697085835045,0.04166549070682867,0.08553168081965778,-0.03874139968005523,-0.06091051707476093,-0.018563289941132672
symmetric,middle,f1,2000,500,two_books,1000,760.68509896574,20,485,0.42333521383327505,0.3147927357358561,0.5341432357378525,0.05103642837083568,0.0307231187088142,0.07666642372900323,-0.026098988081870805,-0.051983539145071735,-0.00662511162948045
symmetric,middle,f1,2000,1000,one_book,2000,885.5757668938548,20,485,0.3893749370616275,0.2942512192882218,0.4932470023793181,0.06501851051907967,0.035947778546569664,0.1018775437541907,-0.03901461794167135,-0.07468931147558798,-0.01120807767910979
symmetric,middle,f1,2000,1000,two_books,2000,1227.589692225788,20,485,0.4538546015855644,0.3383794663235819,0.5671779783488244,0.047058555259524154,0.028646229192343813,0.06903304089751487,-0.020043968073921913,-0.04192987357796325,-0.002404709464564408
symmetric,middle,f1,2000,2000,one_book,4000,1137.3861755636717,18,473,0.4844199295783667,0.36943791066585957,0.6106852809360593,0.042116071908662275,0.027656033683685174,0.058841587153326935,-0.013542906265445596,-0.02765069487518068,-0.0014983451258022188
symmetric,middle,f1,2000,2000,two_books,4000,1771.1515337877097,18,473,0.6095357454596928,0.4750369699883973,0.7405162446352425,0.0370211213390603,0.021745561272087526,0.055106914196040316,-0.008698049359579066,-0.025063389069275313,0.004312336880765127
symmetric,middle,f1,2000,4000,one_book,8000,1325.8926754860408,17,464,0.579839767905376,0.4382978397912203,0.7106973102214726,0.033182811113267444,0.02159937861714983,0.04746433811051513,-0.005567292569883068,-0.01905361099369272,0.005577690914941787
symmetric,middle,f1,2000,4000,two_books,8000,2274.7723511273434,17,464,0.6260306561505744,0.4838601683132881,0.7627341782416227,0.02817332906771309,0.018356570060876997,0.04021030515907276,-0.0006523752691734997,-0.013383177190540574,0.009305714594076987
symmetric,middle,f3,1000,500,one_book,1000,613.794846112894,20,1003,0.38303165331429256,0.28235857469318215,0.48877478275738884,0.14772534298503442,0.10952722861298032,0.18910879961257016,-0.06069686653635611,-0.09912712026822944,-0.026550562053048447
symmetric,middle,f3,1000,500,two_books,1000,760.68509896574,20,1003,0.45656739199468727,0.3456906268062193,0.5678944385335477,0.13283941011606865,0.09082002574303749,0.18531981565749692,-0.04546285903780408,-0.09547756635440155,-0.007901994990470418
symmetric,middle,f3,1000,1000,one_book,2000,885.5757668938548,20,1003,0.465665734262062,0.37027040948747186,0.5639665157078466,0.15915823557920072,0.10076848759237426,0.23264856998451244,-0.06699043214626614,-0.13746877509540287,-0.015188719319498216
symmetric,middle,f3,1000,1000,two_books,2000,1227.589692225788,20,1003,0.5443568522005559,0.43683241570083015,0.6502885523489392,0.12806503733833552,0.08638816534192457,0.17646964665270978,-0.03651602103298014,-0.08234245898649929,2.0689072613166142e-05
symmetric,middle,f3,1000,2000,one_book,4000,1137.3861755636717,19,977,0.502794394498067,0.39176921657839264,0.6093369929161591,0.12763655649708447,0.09420515311583631,0.16662114243145076,-0.029068051450890958,-0.06016661224331255,-0.002687276165492869
symmetric,middle,f3,1000,2000,two_books,4000,1771.1515337877097,19,977,0.5666959983599803,0.44402461531077897,0.6780782697348869,0.11295567914228037,0.07719411691369268,0.15864886364800931,-0.020564368392983635,-0.05506251697228886,0.0073522531861342786
symmetric,middle,f3,1000,4000,one_book,8000,1325.8926754860408,18,959,0.5540323855359062,0.42934281403312224,0.6629329138546048,0.10887504624145562,0.08027241257578312,0.14475533213117414,-0.01835161871123333,-0.04789843671540989,0.004364721283587003
symmetric,middle,f3,1000,4000,two_books,8000,2274.7723511273434,18,959,0.6562581035193242,0.5260991228062942,0.7746352508567464,0.08987863234216649,0.06949140663585257,0.11550319490584979,0.0030888169187788463,-0.02012114781041509,0.02010407898797997
symmetric,middle,f3,2000,500,one_book,1000,613.794846112894,20,485,0.4199072534181436,0.304551424630872,0.5395733391283867,0.13272454670216266,0.0969608693162151,0.17251255714832692,-0.051680802209041234,-0.08804268746250823,-0.018730726373575358
symmetric,middle,f3,2000,500,two_books,1000,760.68509896574,20,485,0.5002435511600389,0.3818291160771825,0.618823428425279,0.11898462213397512,0.07772516256496131,0.17171809626139506,-0.03780810963548296,-0.0898445546452249,0.0002479099858775917
symmetric,middle,f3,2000,1000,one_book,2000,885.5757668938548,20,485,0.5050205820921005,0.39684155966233314,0.6179929659838185,0.14402371487204302,0.08630003345000843,0.22025924422279183,-0.05980510786636108,-0.132663775227563,-0.007513313881140533
symmetric,middle,f3,2000,1000,two_books,2000,1227.589692225788,20,485,0.6070790078180763,0.4855267193382387,0.7212915273125223,0.1120879767710206,0.07238823454546564,0.16073278467246638,-0.027990256993578662,-0.07561081557198761,0.00925092723840359
symmetric,middle,f3,2000,2000,one_book,4000,1137.3861755636717,18,473,0.5906596626150156,0.46986980500085346,0.7056567900325033,0.10127322957983792,0.07207864065728561,0.1360161185586489,-0.00982949346648259,-0.03667113823166933,0.012926896668212147
symmetric,middle,f3,2000,2000,two_books,4000,1771.1515337877097,18,473,0.7048375807784409,0.586021783498262,0.8178473323769024,0.09229801337570989,0.05797961734771111,0.134264849739873,-0.0068847680361186344,-0.03948515928396616,0.019533750544296933
symmetric,middle,f3,2000,4000,one_book,8000,1325.8926754860408,17,464,0.6611568526140222,0.5284022319816907,0.7818070768618056,0.08086319010640428,0.05774246784280116,0.10915609415501096,-0.0004175272241125635,-0.02561206013502153,0.01986722872561701
symmetric,middle,f3,2000,4000,two_books,8000,2274.7723511273434,17,464,0.7230565050483082,0.5967929880820023,0.8371261565867804,0.06880773849089705,0.050094547622600356,0.09123034903924959,0.012605476509483488,-0.010034997085224293,0.030436935169232574
symmetric,random,f1,1000,500,one_book,1000,613.794846112894,20,20060,0.33993715711451283,0.2666946009375938,0.4097563329718722,0.06895373404032276,0.0464685355564777,0.09512148873136754,-0.03947436945809367,-0.06311648413141144,-0.019069577136243923
symmetric,random,f1,1000,500,two_books,1000,760.68509896574,20,20060,0.3872789138313376,0.30781101862696353,0.4679289756325721,0.05775324581288849,0.03857752193528038,0.07970299159302727,-0.029439895103297708,-0.05020707922630318,-0.012164482181246498
symmetric,random,f1,1000,1000,one_book,2000,885.5757668938548,20,20060,0.39953190793246546,0.3097926238186501,0.4895238294065589,0.06242045041365616,0.04034971276798461,0.0873604525881107,-0.032938405013093294,-0.05602369758114538,-0.013100488727547894
symmetric,random,f1,1000,1000,two_books,2000,1227.589692225788,20,20060,0.4491972513445952,0.3538907579811533,0.5459382445191906,0.05097153823281878,0.033856643906539585,0.07070683100516935,-0.022302192770223994,-0.04088317080425301,-0.006948231607223241
symmetric,random,f1,1000,2000,one_book,4000,1137.3861755636717,19,19540,0.43376742584139166,0.3227281163618982,0.5447414128073776,0.05667128279043634,0.03712089598970404,0.08064795140440291,-0.024064539368555123,-0.042501011835429266,-0.008667086382678853
symmetric,random,f1,1000,2000,two_books,4000,1771.1515337877097,19,19540,0.4908345671971112,0.3813620387743573,0.5935485571994336,0.04501183309205484,0.030546849117492447,0.06180124186335632,-0.013143180982628807,-0.02591343952964181,-0.0021600607270394027
symmetric,random,f1,1000,4000,one_book,8000,1325.8926754860408,18,19180,0.47154782059855677,0.35054073047877166,0.586840868642473,0.04635235163073881,0.030133557467856696,0.06608547475569969,-0.014922649978660996,-0.03099206839878196,-0.0011465617064488642
symmetric,random,f1,1000,4000,two_books,8000,2274.7723511273434,18,19180,0.526358662722187,0.4018809000001103,0.6422041017027856,0.0384493701615236,0.027065314686964246,0.051829374218785626,-0.0069662915297147455,-0.01804536627805718,0.002271396847785621
symmetric,random,f1,2000,500,one_book,1000,613.794846112894,20,9700,0.3720787532779076,0.2883380327385297,0.4511573764607759,0.061280691070952555,0.040143988528711795,0.08563445806330533,-0.03377006654082332,-0.0558652171030508,-0.014412551086565379
symmetric,random,f1,2000,500,two_books,1000,760.68509896574,20,9700,0.43677649474279034,0.3452511255810459,0.5297970971528332,0.05037324304139492,0.03213253697823506,0.07152600393813216,-0.02390292801466286,-0.044624060395274216,-0.007490996803836743
symmetric,random,f1,2000,1000,one_book,2000,885.5757668938548,20,9700,0.4437476651219144,0.3369060346814999,0.5458878818569916,0.05480756399069844,0.03364912936478572,0.07878569662502022,-0.027215986135176385,-0.05051630010877116,-0.007957278200638495
symmetric,random,f1,2000,1000,two_books,2000,1227.589692225788,20,9700,0.5038384474853882,0.3973970901437404,0.6127533051769826,0.04320393004748069,0.027324318528472877,0.06183345008424244,-0.01658382490467392,-0.03500597125331039,-0.001715229281170442
symmetric,random,f1,2000,2000,one_book,4000,1137.3861755636717,18,9460,0.5186799898717525,0.3995386303835797,0.6376063620027835,0.041306277027298284,0.02683464545437445,0.05718405013801736,-0.012377143550798183,-0.025822376075537983,-0.0006185100397519736
symmetric,random,f1,2000,2000,two_books,4000,1771.1515337877097,18,9460,0.5930560095459994,0.477599759207757,0.7063044109347665,0.03386155795318803,0.021514103134242363,0.047631195249428764,-0.005874827579732816,-0.01785817304271912,0.004135871320851215
symmetric,random,f1,2000,4000,one_book,8000,1325.8926754860408,17,9280,0.5639828156224311,0.43657578852970713,0.686906968711935,0.03271529255184071,0.02099751712309439,0.04710367069363108,-0.005437901947173138,-0.018663289348460343,0.005748234780610008
symmetric,random,f1,2000,4000,two_books,8000,2274.7723511273434,17,9280,0.6309777795871043,0.5012303379268768,0.753635795142959,0.02831324373330038,0.018790612217822196,0.0397431596222679,-0.000913301302444453,-0.012014191398119795,0.008016379977394123
symmetric,random,f3,1000,500,one_book,1000,613.794846112894,20,20060,0.41910944809423967,0.334405065894668,0.49932073845359776,0.15196304067159505,0.10975640010608838,0.2002959878989196,-0.05856822107770041,-0.09970581200558859,-0.024323361347872913
symmetric,random,f3,1000,500,two_books,1000,760.68509896574,20,20060,0.46354074885041674,0.3768003090545459,0.5457894300766023,0.13360791987208584,0.09575247319913778,0.1784433283538616,-0.043856068288549696,-0.08403051589377397,-0.012348104517309525
symmetric,random,f3,1000,1000,one_book,2000,885.5757668938548,20,20060,0.47702590892652397,0.37834883788537693,0.5701104438854583,0.14189427630359894,0.09832491263274755,0.19096244996011105,-0.04871951541222695,-0.09266528424845832,-0.012015976817325717
symmetric,random,f3,1000,1000,two_books,2000,1227.589692225788,20,20060,0.5394719722896152,0.44299656743622534,0.625956391135074,0.12045819675001461,0.08400010212692229,0.16181773270394478,-0.029784849597095375,-0.06711542798501005,0.0002979204204850214
symmetric,random,f3,1000,2000,one_book,4000,1137.3861755636717,19,19540,0.5186481481781922,0.40185512218804337,0.6288184592894156,0.13058125243567065,0.09304124037598667,0.17315085416770687,-0.030819385765338117,-0.06340703073209782,-0.004447425910081806
symmetric,random,f3,1000,2000,two_books,4000,1771.1515337877097,19,19540,0.5901595542558558,0.48576991266245545,0.6843473669620281,0.10723562509219509,0.07735216112337381,0.14467881390765017,-0.010991065731201132,-0.03679973349744434,0.00926427637830756
symmetric,random,f3,1000,4000,one_book,8000,1325.8926754860408,18,19180,0.5588942814719992,0.4326728169732865,0.6705564429225065,0.10891664644102013,0.07914388070803412,0.1463110903565058,-0.014736951259575169,-0.04524066784646079,0.009711605999069855
symmetric,random,f3,1000,4000,two_books,8000,2274.7723511273434,18,19180,0.605754816551402,0.47301406825362546,0.7139879102043026,0.09067258365310345,0.07011447878770112,0.11497899279191502,0.0006198010036357177,-0.020244375244099794,0.016464363958923756
symmetric,random,f3,2000,500,one_book,1000,613.794846112894,20,9700,0.462077224691977,0.36687873077017347,0.5519651285921169,0.1365840330582752,0.09682128375997029,0.18074913240385185,-0.04841350223129515,-0.0883723478078236,-0.01478546095019562
symmetric,random,f3,2000,500,two_books,1000,760.68509896574,20,9700,0.5170025258646009,0.4149267529793235,0.6132992968592839,0.11868042365600366,0.08213683094514194,0.16217101967316894,-0.034241284722342655,-0.07581423890817757,-0.0026722030768334248
symmetric,random,f3,2000,1000,one_book,2000,885.5757668938548,20,9700,0.5304157026383494,0.41454374879712585,0.6369567227436209,0.1259672076003162,0.08384419584812627,0.17435474052314454,-0.03809990664578423,-0.0840602852183108,-0.0023566385806688007
symmetric,random,f3,2000,1000,two_books,2000,1227.589692225788,20,9700,0.6091673857154795,0.49795615021778517,0.7090424908354078,0.10402530333399698,0.06948408628709825,0.14430803945092896,-0.019034613585700313,-0.05648980472867655,0.009842441270667135
symmetric,random,f3,2000,2000,one_book,4000,1137.3861755636717,18,9460,0.6092701389737182,0.4878690709740778,0.7198782429951681,0.1007758703134885,0.07099670812255864,0.13394716730687758,-0.009497635988292789,-0.03559053146208518,0.01230056309178916
symmetric,random,f3,2000,2000,two_books,4000,1771.1515337877097,18,9460,0.6907715349520549,0.5854106104497943,0.7900170880696329,0.08495915339980138,0.05790134603900144,0.11787313747446831,0.0023390983391267223,-0.020544721868737972,0.021373292716965312
symmetric,random,f3,2000,4000,one_book,8000,1325.8926754860408,17,9280,0.6684660235826508,0.5367297056842605,0.7841846903009281,0.08023963216875027,0.056647182407671325,0.10888817864588693,0.003589646077795769,-0.020962783111667136,0.02423296143532998
symmetric,random,f3,2000,4000,two_books,8000,2274.7723511273434,17,9280,0.7165933767464071,0.5948949451067963,0.829336662327515,0.06894756563965747,0.050606454700263315,0.09027957467842342,0.012298778007795004,-0.008124074384177404,0.02848529756926477
