row_type,condition,author_set,feature,window_size,window_index,n_runs,n_authors,mean_target_kl,median_target_kl,mean_target_margin,mean_target_rank,target_hit_rate,prediction_entropy_normalized,most_predicted_author,most_predicted_share,cross_target_mean_sym_kl,n_cross_target_pairs,first_window,last_window,mean_delta_target_kl,mean_delta_target_margin,mean_delta_target_rank,target_hit_change_percentage_points,mean_per_window_slope_target_kl,mean_per_window_slope_target_margin,prediction_entropy_change,cross_target_sym_kl_change_pct,first_most_predicted_author,first_most_predicted_share,last_most_predicted_author,last_most_predicted_share,author_wilcoxon_p_target_kl_increase,author_wilcoxon_p_target_margin_decrease,author_wilcoxon_p_target_rank_worsen,author_wilcoxon_p_target_hit_decrease
position,flash,all_authors,f1,1000,1,200,10,0.12227921591214397,0.1040134707348738,-0.05472846447035479,5.72,0.145,0.7173794058299953,oscar_wilde,0.36,0.08030975184498278,18000,,,,,,,,,,,,,,,,,,
position,flash,all_authors,f1,1000,2,200,10,0.1271329933104543,0.1163444145486259,-0.0620130119695235,5.48,0.16,0.6798508644434931,oscar_wilde,0.375,0.07541717949586119,18000,,,,,,,,,,,,,,,,,,
position,flash,all_authors,f1,1000,3,200,10,0.13135919788490363,0.1212785311975982,-0.06519340110728462,5.605,0.17,0.6589238466377564,oscar_wilde,0.365,0.08736353111310272,18000,,,,,,,,,,,,,,,,,,
position,flash,all_authors,f1,1000,4,200,10,0.1253050066305878,0.11001186834583793,-0.06233829018390795,5.505,0.165,0.6664741892038907,oscar_wilde,0.415,0.07466686313980023,18000,,,,,,,,,,,,,,,,,,
position,flash,all_authors,f1,1000,5,200,10,0.13058566391950183,0.11177963640758717,-0.06625275925317568,5.655,0.12,0.7064755063706929,oscar_wilde,0.33,0.08284906290652302,18000,,,,,,,,,,,,,,,,,,
first_vs_last,flash,all_authors,f1,1000,,200,10,,,,,,,,,,,1,5,0.00830644800735788,-0.011524294782820904,-0.065,-2.5,0.001478490933484923,-0.0023373867780026236,-0.010903899459302369,3.1618962868192213,oscar_wilde,0.36,oscar_wilde,0.33,0.2783203125,0.1611328125,0.6064453125,0.375
position,flash,all_authors,f3,1000,1,200,10,0.24188327483589034,0.21975424901437804,-0.09793743648688757,5.86,0.175,0.7534784563940556,mary_shelley,0.305,0.16856503350841065,18000,,,,,,,,,,,,,,,,,,
position,flash,all_authors,f3,1000,2,200,10,0.23583135411727996,0.20586479382539005,-0.09675967952379341,5.59,0.185,0.7359502751738211,mary_shelley,0.345,0.1643594593086265,18000,,,,,,,,,,,,,,,,,,
position,flash,all_authors,f3,1000,3,200,10,0.24724146648698325,0.22407910000702175,-0.1040244826491607,5.7,0.205,0.7521727267906775,mary_shelley,0.335,0.18711060134798913,18000,,,,,,,,,,,,,,,,,,
position,flash,all_authors,f3,1000,4,200,10,0.24168978628940618,0.2231276120411912,-0.10091905825560382,5.78,0.16,0.7088221640165234,mary_shelley,0.32,0.17211847833237687,18000,,,,,,,,,,,,,,,,,,
position,flash,all_authors,f3,1000,5,200,10,0.25030634937643115,0.2164064967131914,-0.10602705194969292,5.87,0.16,0.7563303151877134,mary_shelley,0.315,0.19142029244863118,18000,,,,,,,,,,,,,,,,,,
first_vs_last,flash,all_authors,f3,1000,,200,10,,,,,,,,,,,1,5,0.00842307454054078,-0.008089615462805365,0.01,-1.5,0.002270458125320776,-0.0020338609657421093,0.002851858793657791,13.55871883066433,mary_shelley,0.305,mary_shelley,0.315,0.24609375,0.3125,0.5390625,0.34375
position,pro,all_authors,f1,1000,1,100,10,0.10695623886340573,0.0871361575391299,-0.07494137594367477,6.07,0.06,0.6194646705562542,oscar_wilde,0.39,0.07841912693500186,4500,,,,,,,,,,,,,,,,,,
position,pro,all_authors,f1,1000,2,100,10,0.14048801288813578,0.13960664219311503,-0.08615625915695628,5.47,0.12,0.5582361493925774,oscar_wilde,0.39,0.0688011245494936,4500,,,,,,,,,,,,,,,,,,
position,pro,all_authors,f1,1000,3,100,10,0.155321044052462,0.14512174408024395,-0.09173224470084065,5.57,0.15,0.5392976494462471,oscar_wilde,0.33,0.06549529488480604,4500,,,,,,,,,,,,,,,,,,
position,pro,all_authors,f1,1000,4,100,10,0.17009045496767278,0.1633769256356858,-0.09936025179336509,5.71,0.13,0.4983981181682953,oscar_wilde,0.4,0.06987467647798024,4500,,,,,,,,,,,,,,,,,,
position,pro,all_authors,f1,1000,5,100,10,0.17309289021028285,0.16614520402026245,-0.10382352404306212,5.95,0.12,0.4846928481162896,joseph_conrad,0.49,0.06295989025712209,4500,,,,,,,,,,,,,,,,,,
first_vs_last,pro,all_authors,f1,1000,,100,10,,,,,,,,,,,1,5,0.06613665134687718,-0.028882148099387363,-0.12,6.0,0.016187574477329124,-0.007096828883518348,-0.1347718224399646,-19.71360468051786,oscar_wilde,0.39,joseph_conrad,0.49,0.0048828125,0.080078125,0.4228515625,0.625
position,pro,all_authors,f3,1000,1,100,10,0.21601992045204843,0.1915177134539955,-0.1379422610763186,6.1,0.05,0.5990017694098687,herbert_george_wells,0.49,0.1494857213031028,4500,,,,,,,,,,,,,,,,,,
position,pro,all_authors,f3,1000,2,100,10,0.2697389154854363,0.25705714723328144,-0.16771146860499286,5.6,0.08,0.5078034192403088,herbert_george_wells,0.36,0.1307370781044987,4500,,,,,,,,,,,,,,,,,,
position,pro,all_authors,f3,1000,3,100,10,0.3142881140751729,0.2785340798279383,-0.19033043880230185,5.81,0.11,0.4465602854524009,joseph_conrad,0.45,0.14074274483296953,4500,,,,,,,,,,,,,,,,,,
position,pro,all_authors,f3,1000,4,100,10,0.3431313690040191,0.3343738150962612,-0.2103178949681629,5.86,0.09,0.459611870053805,joseph_conrad,0.46,0.13545777320398697,4500,,,,,,,,,,,,,,,,,,
position,pro,all_authors,f3,1000,5,100,10,0.36177063909232865,0.35145189735206667,-0.22624645324847323,6.08,0.11,0.42002391871880534,joseph_conrad,0.57,0.1295737712776827,4500,,,,,,,,,,,,,,,,,,
first_vs_last,pro,all_authors,f3,1000,,100,10,,,,,,,,,,,1,5,0.1457507186402803,-0.08830419217215461,-0.02,6.0,0.03648938907991432,-0.021921481070747918,-0.17897785069106337,-13.320302335127987,herbert_george_wells,0.49,joseph_conrad,0.57,0.0009765625,0.013671875,0.4228515625,0.84375
position,flash,margin_gt_1,f1,1000,1,80,4,0.1040710317677723,0.09098500008771074,-0.009447171067635596,1.975,0.4875,0.8295452949853419,mary_shelley,0.35,0.09867437067257287,2400,,,,,,,,,,,,,,,,,,
position,flash,margin_gt_1,f1,1000,2,80,4,0.11402623408016974,0.09819450698319201,-0.020011846298302573,2.0875,0.4,0.8200336979596089,mary_shelley,0.4125,0.09047443722202911,2400,,,,,,,,,,,,,,,,,,
position,flash,margin_gt_1,f1,1000,3,80,4,0.12018476793069874,0.11125214231205757,-0.02253796596733082,2.075,0.4625,0.8275487049591278,arthur_conan_doyle,0.4125,0.11239239451521406,2400,,,,,,,,,,,,,,,,,,
position,flash,margin_gt_1,f1,1000,4,80,4,0.11538483376138284,0.1041512851348362,-0.02267197417936941,2.1625,0.375,0.8010885123062241,arthur_conan_doyle,0.4,0.08307215740466459,2400,,,,,,,,,,,,,,,,,,
position,flash,margin_gt_1,f1,1000,5,80,4,0.12678809799104016,0.11471116139920055,-0.03107748005294232,2.1625,0.375,0.7783971252505489,mary_shelley,0.4375,0.09357516909588758,2400,,,,,,,,,,,,,,,,,,
first_vs_last,flash,margin_gt_1,f1,1000,,80,4,,,,,,,,,,,1,5,0.02271706622326785,-0.021630308985306722,0.1875,-11.25,0.004679273212774875,-0.0045920745851680276,-0.05114816973479297,-5.167706205703371,mary_shelley,0.35,mary_shelley,0.4375,0.1875,0.125,0.3125,0.25
position,flash,margin_gt_1,f3,1000,1,80,4,0.20518256563432882,0.1894920703187205,-0.015340266520818949,2.05,0.4625,0.8505821060148551,mary_shelley,0.3875,0.19239788836264846,2400,,,,,,,,,,,,,,,,,,
position,flash,margin_gt_1,f3,1000,2,80,4,0.19882776949530506,0.17081783780739168,-0.022925938122896762,2.075,0.4,0.8705458561141282,mary_shelley,0.4625,0.1942476368339382,2400,,,,,,,,,,,,,,,,,,
position,flash,margin_gt_1,f3,1000,3,80,4,0.21025271361632533,0.19460085137410918,-0.02560010395463961,2.0625,0.425,0.8664245838215897,mary_shelley,0.45,0.2283929339497243,2400,,,,,,,,,,,,,,,,,,
position,flash,margin_gt_1,f3,1000,4,80,4,0.21301453168588677,0.1905497202791833,-0.03220351736755903,2.1125,0.4125,0.8057401809709132,mary_shelley,0.475,0.1905521022624781,2400,,,,,,,,,,,,,,,,,,
position,flash,margin_gt_1,f3,1000,5,80,4,0.2241223236728449,0.19989633261494957,-0.04825144282361704,2.3125,0.3,0.7592225701776686,mary_shelley,0.5,0.20393804402927984,2400,,,,,,,,,,,,,,,,,,
first_vs_last,flash,margin_gt_1,f3,1000,,80,4,,,,,,,,,,,1,5,0.018939758038516087,-0.03291117630279809,0.2625,-16.25,0.005206627826761377,-0.007509993185025843,-0.09135953583718648,5.998067736003154,mary_shelley,0.3875,mary_shelley,0.5,0.1875,0.1875,0.25,0.25
position,pro,margin_gt_1,f1,1000,1,40,4,0.0891169312700314,0.08748758932269135,-0.022196021026936862,2.225,0.325,0.5366563774612635,arthur_conan_doyle,0.775,0.07091565153736065,600,,,,,,,,,,,,,,,,,,
position,pro,margin_gt_1,f1,1000,2,40,4,0.1338456284069354,0.14099086054859863,-0.034089231565717845,2.15,0.3,0.5675717927593565,arthur_conan_doyle,0.75,0.049269372895573406,600,,,,,,,,,,,,,,,,,,
position,pro,margin_gt_1,f1,1000,3,40,4,0.1463731380289457,0.1396158944787675,-0.036953218931721,2.25,0.325,0.4551514732083191,arthur_conan_doyle,0.825,0.04724525016086652,600,,,,,,,,,,,,,,,,,,
position,pro,margin_gt_1,f1,1000,4,40,4,0.16280716048697763,0.15587339780723414,-0.03661537549201303,2.225,0.4,0.5609532432253893,arthur_conan_doyle,0.725,0.046712708334203094,600,,,,,,,,,,,,,,,,,,
position,pro,margin_gt_1,f1,1000,5,40,4,0.16423670064519186,0.1474051517507803,-0.042980890103371736,2.35,0.3,0.6166737722293836,arthur_conan_doyle,0.675,0.04170696180121598,600,,,,,,,,,,,,,,,,,,
first_vs_last,pro,margin_gt_1,f1,1000,,40,4,,,,,,,,,,,1,5,0.07511976937516045,-0.02078486907643487,0.125,-2.5,0.017920107083036308,-0.00440958820791649,0.08001739476812009,-41.187931158972134,arthur_conan_doyle,0.775,arthur_conan_doyle,0.675,0.0625,0.1875,0.375,0.5
position,pro,margin_gt_1,f3,1000,1,40,4,0.18919034626086922,0.1846365022912682,-0.037831258450357716,2.175,0.4,0.5906454496153463,arthur_conan_doyle,0.7,0.14358055347577245,600,,,,,,,,,,,,,,,,,,
position,pro,margin_gt_1,f3,1000,2,40,4,0.24961210829885028,0.25705714723328144,-0.054633641170924875,2.2,0.425,0.7193793404575043,arthur_conan_doyle,0.55,0.1162281045679453,600,,,,,,,,,,,,,,,,,,
position,pro,margin_gt_1,f3,1000,3,40,4,0.30251332187198454,0.26239927545161823,-0.06460385053053762,2.275,0.35,0.5027179771608914,arthur_conan_doyle,0.7,0.1115238934403015,600,,,,,,,,,,,,,,,,,,
position,pro,margin_gt_1,f3,1000,4,40,4,0.3255872083833462,0.31016616227882454,-0.06444724281549377,2.275,0.325,0.5184451403553371,arthur_conan_doyle,0.675,0.10353880022179363,600,,,,,,,,,,,,,,,,,,
position,pro,margin_gt_1,f3,1000,5,40,4,0.34765912478630423,0.3236409381664273,-0.07968242618327667,2.4,0.3,0.6347167799401658,arthur_conan_doyle,0.575,0.09805167503337912,600,,,,,,,,,,,,,,,,,,
first_vs_last,pro,margin_gt_1,f3,1000,,40,4,,,,,,,,,,,1,5,0.158468778525435,-0.04185116773291896,0.225,-10.0,0.03929126571353659,-0.00935159371104068,0.04407133032481958,-31.709641271215606,arthur_conan_doyle,0.7,arthur_conan_doyle,0.575,0.0625,0.1875,0.1875,0.375
